Produce_Variety,Commodity_Type,Unit,Volume_in_Kgs,Values_in_Ksh,Date,OBJECTID
Horticulture,Cabbages,Ext Bag,126,KES2205.00,01/01/2012 12:00:00 AM,0
Horticulture,Cooking Bananas,Med Bunch,22,KES511.00,01/01/2012 12:00:00 AM,1
Horticulture,Ripe Bananas,Med Bunch,14,KES616.00,01/01/2012 12:00:00 AM,2
Horticulture,Carrots,Ext Bag,138,KES2833.00,01/01/2012 12:00:00 AM,3
Horticulture,Tomatoes,Lg Box,64,KES3411.00,01/01/2012 12:00:00 AM,4
Horticulture,Onions Dry,net,13,KES1043.00,01/01/2012 12:00:00 AM,5
Horticulture,Spring Onions,Bag,142,KES1997.00,01/01/2012 12:00:00 AM,6
Horticulture,Chillies,Bag,38,KES2163.00,01/01/2012 12:00:00 AM,7
Horticulture,Cucumber,Bag,50,KES2377.00,01/01/2012 12:00:00 AM,8
Horticulture,Capsicums,Bag,50,KES2349.00,01/01/2012 12:00:00 AM,9
Horticulture,Brinjals,Bag,44,KES1614.00,01/01/2012 12:00:00 AM,10
Horticulture,Cauliflower,crate,39,KES2737.00,01/01/2012 12:00:00 AM,11
Horticulture,Lettuce,Bag,51,KES2833.00,01/01/2012 12:00:00 AM,12
Horticulture,Passion Fruits,Bag,57,KES4063.00,01/01/2012 12:00:00 AM,13
Horticulture,Oranges,Bag,93,KES2757.00,01/01/2012 12:00:00 AM,14
Horticulture,Lemons,Bag,95,KES1445.00,01/01/2012 12:00:00 AM,15
Horticulture,Mangoes Local,Bag,126,KES1514.00,01/01/2012 12:00:00 AM,16
Horticulture,Mangoes Ngowe,Sm Basket,25,KES785.00,01/01/2012 12:00:00 AM,17
Horticulture,Limes,net,13,KES570.00,01/01/2012 12:00:00 AM,18
Horticulture,Pineapples,Dozen,13,KES748.00,01/01/2012 12:00:00 AM,19
Horticulture,Pawpaw,Lg Box,54,KES1392.00,01/01/2012 12:00:00 AM,20
Horticulture,Avocado,Bag,90,KES2232.00,01/01/2012 12:00:00 AM,21
Horticulture,Kales,Bag,50,KES1328.00,01/01/2012 12:00:00 AM,22
Horticulture,Cabbages,Ext Bag,126,KES2739.00,02/01/2012 12:00:00 AM,23
Horticulture,Cooking Bananas,Med Bunch,22,KES531.00,02/01/2012 12:00:00 AM,24
Horticulture,Ripe Bananas,Med Bunch,14,KES570.00,02/01/2012 12:00:00 AM,25
Horticulture,Carrots,Ext Bag,138,KES2754.00,02/01/2012 12:00:00 AM,26
Horticulture,Tomatoes,Lg Box,64,KES4100.00,02/01/2012 12:00:00 AM,27
Horticulture,Onions Dry,net,13,KES863.00,02/01/2012 12:00:00 AM,28
Horticulture,Spring Onions,Bag,142,KES2142.00,02/01/2012 12:00:00 AM,29
Horticulture,Chillies,Bag,38,KES2610.00,02/01/2012 12:00:00 AM,30
Horticulture,Cucumber,Bag,50,KES1598.00,02/01/2012 12:00:00 AM,31
Horticulture,Capsicums,Bag,50,KES2727.00,02/01/2012 12:00:00 AM,32
Horticulture,Brinjals,Bag,44,KES1578.00,02/01/2012 12:00:00 AM,33
Horticulture,Cauliflower,crate,39,KES2933.00,02/01/2012 12:00:00 AM,34
Horticulture,Lettuce,Bag,51,KES2863.00,02/01/2012 12:00:00 AM,35
Horticulture,Passion Fruits,Bag,57,KES3512.00,02/01/2012 12:00:00 AM,36
Horticulture,Oranges,Bag,93,KES2880.00,02/01/2012 12:00:00 AM,37
Horticulture,Lemons,Bag,95,KES1433.00,02/01/2012 12:00:00 AM,38
Horticulture,Mangoes Local,Bag,126,KES1726.00,02/01/2012 12:00:00 AM,39
Horticulture,Mangoes Ngowe,Sm Basket,25,KES817.00,02/01/2012 12:00:00 AM,40
Horticulture,Limes,net,13,KES544.00,02/01/2012 12:00:00 AM,41
Horticulture,Pineapples,Dozen,13,KES695.00,02/01/2012 12:00:00 AM,42
Horticulture,Pawpaw,Lg Box,54,KES1535.00,02/01/2012 12:00:00 AM,43
Horticulture,Avocado,Bag,90,KES2439.00,02/01/2012 12:00:00 AM,44
Horticulture,Kales,Bag,50,KES1985.00,02/01/2012 12:00:00 AM,45
Horticulture,Cabbages,Ext Bag,126,KES3049.00,03/01/2012 12:00:00 AM,46
Horticulture,Cooking Bananas,Med Bunch,22,KES570.00,03/01/2012 12:00:00 AM,47
Horticulture,Ripe Bananas,Med Bunch,14,KES635.00,03/01/2012 12:00:00 AM,48
Horticulture,Carrots,Ext Bag,138,KES3223.00,03/01/2012 12:00:00 AM,49
Horticulture,Tomatoes,Lg Box,64,KES3685.00,03/01/2012 12:00:00 AM,50
Horticulture,Onions Dry,net,13,KES992.00,03/01/2012 12:00:00 AM,51
Horticulture,Spring Onions,Bag,142,KES1981.00,03/01/2012 12:00:00 AM,52
Horticulture,Chillies,Bag,38,KES2954.00,03/01/2012 12:00:00 AM,53
Horticulture,Cucumber,Bag,50,KES2413.00,03/01/2012 12:00:00 AM,54
Horticulture,Capsicums,Bag,50,KES3247.00,03/01/2012 12:00:00 AM,55
Horticulture,Brinjals,Bag,44,KES1559.00,03/01/2012 12:00:00 AM,56
Horticulture,Cauliflower,crate,39,KES2018.00,03/01/2012 12:00:00 AM,57
Horticulture,Lettuce,Bag,51,KES2939.00,03/01/2012 12:00:00 AM,58
Horticulture,Passion Fruits,Bag,57,KES3351.00,03/01/2012 12:00:00 AM,59
Horticulture,Oranges,Bag,93,KES3075.00,03/01/2012 12:00:00 AM,60
Horticulture,Lemons,Bag,95,KES1300.00,03/01/2012 12:00:00 AM,61
Horticulture,Mangoes Local,Bag,126,KES2015.00,03/01/2012 12:00:00 AM,62
Horticulture,Mangoes Ngowe,Sm Basket,25,KES1130.00,03/01/2012 12:00:00 AM,63
Horticulture,Limes,net,13,KES541.00,03/01/2012 12:00:00 AM,64
Horticulture,Pineapples,Dozen,13,KES748.00,03/01/2012 12:00:00 AM,65
Horticulture,Pawpaw,Lg Box,54,KES1503.00,03/01/2012 12:00:00 AM,66
Horticulture,Avocado,Bag,90,KES2252.00,03/01/2012 12:00:00 AM,67
Horticulture,Kales,Bag,50,KES2049.00,03/01/2012 12:00:00 AM,68
Horticulture,Cabbages,Ext Bag,126,KES2625.00,04/01/2012 12:00:00 AM,69
Horticulture,Cooking Bananas,Med Bunch,22,KES543.00,04/01/2012 12:00:00 AM,70
Horticulture,Ripe Bananas,Med Bunch,14,KES623.00,04/01/2012 12:00:00 AM,71
Horticulture,Carrots,Ext Bag,138,KES3536.00,04/01/2012 12:00:00 AM,72
Horticulture,Tomatoes,Lg Box,64,KES2820.00,04/01/2012 12:00:00 AM,73
Horticulture,Onions Dry,net,13,KES1174.00,04/01/2012 12:00:00 AM,74
Horticulture,Spring Onions,Bag,142,KES1833.00,04/01/2012 12:00:00 AM,75
Horticulture,Chillies,Bag,38,KES2769.00,04/01/2012 12:00:00 AM,76
Horticulture,Cucumber,Bag,50,KES2207.00,04/01/2012 12:00:00 AM,77
Horticulture,Capsicums,Bag,50,KES2889.00,04/01/2012 12:00:00 AM,78
Horticulture,Brinjals,Bag,44,KES1692.00,04/01/2012 12:00:00 AM,79
Horticulture,Cauliflower,crate,39,KES2865.00,04/01/2012 12:00:00 AM,80
Horticulture,Lettuce,Bag,51,KES3729.00,04/01/2012 12:00:00 AM,81
Horticulture,Passion Fruits,Bag,57,KES3589.00,04/01/2012 12:00:00 AM,82
Horticulture,Oranges,Bag,93,KES2792.00,04/01/2012 12:00:00 AM,83
Horticulture,Lemons,Bag,95,KES1199.00,04/01/2012 12:00:00 AM,84
Horticulture,Mangoes Local,Bag,126,KES1993.00,04/01/2012 12:00:00 AM,85
Horticulture,Mangoes Ngowe,Sm Basket,25,KES1069.00,04/01/2012 12:00:00 AM,86
Horticulture,Limes,net,13,KES601.00,04/01/2012 12:00:00 AM,87
Horticulture,Pineapples,Dozen,13,KES747.00,04/01/2012 12:00:00 AM,88
Horticulture,Pawpaw,Lg Box,54,KES1538.00,04/01/2012 12:00:00 AM,89
Horticulture,Avocado,Bag,90,KES2044.00,04/01/2012 12:00:00 AM,90
Horticulture,Kales,Bag,50,KES1580.00,04/01/2012 12:00:00 AM,91
Horticulture,Cabbages,Ext Bag,126,KES2105.00,05/01/2012 12:00:00 AM,92
Horticulture,Cooking Bananas,Med Bunch,22,KES565.00,05/01/2012 12:00:00 AM,93
Horticulture,Ripe Bananas,Med Bunch,14,KES630.00,05/01/2012 12:00:00 AM,94
Horticulture,Carrots,Ext Bag,138,KES3752.00,05/01/2012 12:00:00 AM,95
Horticulture,Tomatoes,Lg Box,64,KES3302.00,05/01/2012 12:00:00 AM,96
Horticulture,Onions Dry,net,13,KES1153.00,05/01/2012 12:00:00 AM,97
Horticulture,Spring Onions,Bag,142,KES1793.00,05/01/2012 12:00:00 AM,98
Horticulture,Chillies,Bag,38,KES2889.00,05/01/2012 12:00:00 AM,99
Horticulture,Cucumber,Bag,50,KES2072.00,05/01/2012 12:00:00 AM,100
Horticulture,Capsicums,Bag,50,KES2758.00,05/01/2012 12:00:00 AM,101
Horticulture,Brinjals,Bag,44,KES1390.00,05/01/2012 12:00:00 AM,102
Horticulture,Cauliflower,crate,39,KES2969.00,05/01/2012 12:00:00 AM,103
Horticulture,Lettuce,Bag,51,KES3390.00,05/01/2012 12:00:00 AM,104
Horticulture,Passion Fruits,Bag,57,KES3633.00,05/01/2012 12:00:00 AM,105
Horticulture,Oranges,Bag,93,KES2708.00,05/01/2012 12:00:00 AM,106
Horticulture,Lemons,Bag,95,KES1461.00,05/01/2012 12:00:00 AM,107
Horticulture,Mangoes Local,Bag,126,KES1960.00,05/01/2012 12:00:00 AM,108
Horticulture,Mangoes Ngowe,Sm Basket,25,KES1132.00,05/01/2012 12:00:00 AM,109
Horticulture,Limes,net,13,KES681.00,05/01/2012 12:00:00 AM,110
Horticulture,Pineapples,Dozen,13,KES788.00,05/01/2012 12:00:00 AM,111
Horticulture,Pawpaw,Lg Box,54,KES1428.00,05/01/2012 12:00:00 AM,112
Horticulture,Avocado,Bag,90,KES1939.00,05/01/2012 12:00:00 AM,113
Horticulture,Kales,Bag,50,KES1206.00,05/01/2012 12:00:00 AM,114
Horticulture,Cabbages,Ext Bag,126,KES2221.00,06/01/2012 12:00:00 AM,115
Horticulture,Cooking Bananas,Med Bunch,22,KES589.00,06/01/2012 12:00:00 AM,116
Horticulture,Ripe Bananas,Med Bunch,14,KES659.00,06/01/2012 12:00:00 AM,117
Horticulture,Carrots,Ext Bag,138,KES4147.00,06/01/2012 12:00:00 AM,118
Horticulture,Tomatoes,Lg Box,64,KES4172.00,06/01/2012 12:00:00 AM,119
Horticulture,Onions Dry,net,13,KES1229.00,06/01/2012 12:00:00 AM,120
Horticulture,Spring Onions,Bag,142,KES1993.00,06/01/2012 12:00:00 AM,121
Horticulture,Chillies,Bag,38,KES2658.00,06/01/2012 12:00:00 AM,122
Horticulture,Cucumber,Bag,50,KES1893.00,06/01/2012 12:00:00 AM,123
Horticulture,Capsicums,Bag,50,KES2758.00,06/01/2012 12:00:00 AM,124
Horticulture,Brinjals,Bag,44,KES1606.00,06/01/2012 12:00:00 AM,125
Horticulture,Cauliflower,crate,39,KES2147.00,06/01/2012 12:00:00 AM,126
Horticulture,Lettuce,Bag,51,KES3281.00,06/01/2012 12:00:00 AM,127
Horticulture,Passion Fruits,Bag,57,KES3636.00,06/01/2012 12:00:00 AM,128
Horticulture,Oranges,Bag,93,KES2410.00,06/01/2012 12:00:00 AM,129
Horticulture,Lemons,Bag,95,KES1767.00,06/01/2012 12:00:00 AM,130
Horticulture,Mangoes Local,Bag,126,KES2018.00,06/01/2012 12:00:00 AM,131
Horticulture,Mangoes Ngowe,Sm Basket,25,KES1004.00,06/01/2012 12:00:00 AM,132
Horticulture,Limes,net,13,KES655.00,06/01/2012 12:00:00 AM,133
Horticulture,Pineapples,Dozen,13,KES851.00,06/01/2012 12:00:00 AM,134
Horticulture,Pawpaw,Lg Box,54,KES1406.00,06/01/2012 12:00:00 AM,135
Horticulture,Avocado,Bag,90,KES1971.00,06/01/2012 12:00:00 AM,136
Horticulture,Kales,Bag,50,KES1272.00,06/01/2012 12:00:00 AM,137
Horticulture,Cabbages,Ext Bag,126,KES2034.00,07/01/2012 12:00:00 AM,138
Horticulture,Cooking Bananas,Med Bunch,22,KES544.00,07/01/2012 12:00:00 AM,139
Horticulture,Ripe Bananas,Med Bunch,14,KES582.00,07/01/2012 12:00:00 AM,140
Horticulture,Carrots,Ext Bag,138,KES4534.00,07/01/2012 12:00:00 AM,141
Horticulture,Tomatoes,Lg Box,64,KES2602.00,07/01/2012 12:00:00 AM,142
Horticulture,Onions Dry,net,13,KES1004.00,07/01/2012 12:00:00 AM,143
Horticulture,Spring Onions,Bag,142,KES2103.00,07/01/2012 12:00:00 AM,144
Horticulture,Chillies,Bag,38,KES2785.00,07/01/2012 12:00:00 AM,145
Horticulture,Cucumber,Bag,50,KES1917.00,07/01/2012 12:00:00 AM,146
Horticulture,Capsicums,Bag,50,KES2552.00,07/01/2012 12:00:00 AM,147
Horticulture,Brinjals,Bag,44,KES1592.00,07/01/2012 12:00:00 AM,148
Horticulture,Cauliflower,crate,39,KES2744.00,07/01/2012 12:00:00 AM,149
Horticulture,Lettuce,Bag,51,KES3563.00,07/01/2012 12:00:00 AM,150
Horticulture,Passion Fruits,Bag,57,KES3726.00,07/01/2012 12:00:00 AM,151
Horticulture,Oranges,Bag,93,KES2413.00,07/01/2012 12:00:00 AM,152
Horticulture,Lemons,Bag,95,KES1695.00,07/01/2012 12:00:00 AM,153
Horticulture,Mangoes Local,Bag,126,KES1750.00,07/01/2012 12:00:00 AM,154
Horticulture,Mangoes Ngowe,Sm Basket,25,KES1063.00,07/01/2012 12:00:00 AM,155
Horticulture,Limes,net,13,KES602.00,07/01/2012 12:00:00 AM,156
Horticulture,Pineapples,Dozen,13,KES831.00,07/01/2012 12:00:00 AM,157
Horticulture,Pawpaw,Lg Box,54,KES1432.00,07/01/2012 12:00:00 AM,158
Horticulture,Avocado,Bag,90,KES1741.00,07/01/2012 12:00:00 AM,159
Horticulture,Kales,Bag,50,KES824.00,07/01/2012 12:00:00 AM,160
Horticulture,Cabbages,Ext Bag,126,KES1905.00,08/01/2012 12:00:00 AM,161
Horticulture,Cooking Bananas,Med Bunch,22,KES572.00,08/01/2012 12:00:00 AM,162
Horticulture,Ripe Bananas,Med Bunch,14,KES542.00,08/01/2012 12:00:00 AM,163
Horticulture,Carrots,Ext Bag,138,KES3850.00,08/01/2012 12:00:00 AM,164
Horticulture,Tomatoes,Lg Box,64,KES2576.00,08/01/2012 12:00:00 AM,165
Horticulture,Onions Dry,net,13,KES887.00,08/01/2012 12:00:00 AM,166
Horticulture,Spring Onions,Bag,142,KES1975.00,08/01/2012 12:00:00 AM,167
Horticulture,Chillies,Bag,38,KES2652.00,08/01/2012 12:00:00 AM,168
Horticulture,Cucumber,Bag,50,KES1572.00,08/01/2012 12:00:00 AM,169
Horticulture,Capsicums,Bag,50,KES2769.00,08/01/2012 12:00:00 AM,170
Horticulture,Brinjals,Bag,44,KES1544.00,08/01/2012 12:00:00 AM,171
Horticulture,Cauliflower,crate,39,KES2408.00,08/01/2012 12:00:00 AM,172
Horticulture,Lettuce,Bag,51,KES4246.00,08/01/2012 12:00:00 AM,173
Horticulture,Passion Fruits,Bag,57,KES3291.00,08/01/2012 12:00:00 AM,174
Horticulture,Oranges,Bag,93,KES2736.00,08/01/2012 12:00:00 AM,175
Horticulture,Lemons,Bag,95,KES1749.00,08/01/2012 12:00:00 AM,176
Horticulture,Mangoes Local,Bag,126,KES1791.00,08/01/2012 12:00:00 AM,177
Horticulture,Mangoes Ngowe,Sm Basket,25,KES1013.00,08/01/2012 12:00:00 AM,178
Horticulture,Limes,net,13,KES817.00,08/01/2012 12:00:00 AM,179
Horticulture,Pineapples,Dozen,13,KES698.00,08/01/2012 12:00:00 AM,180
Horticulture,Pawpaw,Lg Box,54,KES1388.00,08/01/2012 12:00:00 AM,181
Horticulture,Avocado,Bag,90,KES1634.00,08/01/2012 12:00:00 AM,182
Horticulture,Kales,Bag,50,KES682.00,08/01/2012 12:00:00 AM,183
Horticulture,Cabbages,Ext Bag,126,KES1792.00,09/01/2012 12:00:00 AM,184
Horticulture,Cooking Bananas,Med Bunch,22,KES571.00,09/01/2012 12:00:00 AM,185
Horticulture,Ripe Bananas,Med Bunch,14,KES573.00,09/01/2012 12:00:00 AM,186
Horticulture,Carrots,Ext Bag,138,KES3261.00,09/01/2012 12:00:00 AM,187
Horticulture,Tomatoes,Lg Box,64,KES2602.00,09/01/2012 12:00:00 AM,188
Horticulture,Onions Dry,net,13,KES1018.00,09/01/2012 12:00:00 AM,189
Horticulture,Spring Onions,Bag,142,KES2097.00,09/01/2012 12:00:00 AM,190
Horticulture,Chillies,Bag,38,KES3783.00,09/01/2012 12:00:00 AM,191
Horticulture,Cucumber,Bag,50,KES1735.00,09/01/2012 12:00:00 AM,192
Horticulture,Capsicums,Bag,50,KES2674.00,09/01/2012 12:00:00 AM,193
Horticulture,Brinjals,Bag,44,KES1474.00,09/01/2012 12:00:00 AM,194
Horticulture,Cauliflower,crate,39,KES2087.00,09/01/2012 12:00:00 AM,195
Horticulture,Lettuce,Bag,51,KES4983.00,09/01/2012 12:00:00 AM,196
Horticulture,Passion Fruits,Bag,57,KES3536.00,09/01/2012 12:00:00 AM,197
Horticulture,Oranges,Bag,93,KES3163.00,09/01/2012 12:00:00 AM,198
Horticulture,Lemons,Bag,95,KES1374.00,09/01/2012 12:00:00 AM,199
Horticulture,Mangoes Local,Bag,126,KES2013.00,09/01/2012 12:00:00 AM,200
Horticulture,Mangoes Ngowe,Sm Basket,25,KES932.00,09/01/2012 12:00:00 AM,201
Horticulture,Limes,net,13,KES626.00,09/01/2012 12:00:00 AM,202
Horticulture,Pineapples,Dozen,13,KES935.00,09/01/2012 12:00:00 AM,203
Horticulture,Pawpaw,Lg Box,54,KES1715.00,09/01/2012 12:00:00 AM,204
Horticulture,Avocado,Bag,90,KES1975.00,09/01/2012 12:00:00 AM,205
Horticulture,Kales,Bag,50,KES764.00,09/01/2012 12:00:00 AM,206
Horticulture,Cabbages,Ext Bag,126,KES1643.00,10/01/2012 12:00:00 AM,207
Horticulture,Cooking Bananas,Med Bunch,22,KES626.00,10/01/2012 12:00:00 AM,208
Horticulture,Ripe Bananas,Med Bunch,14,KES636.00,10/01/2012 12:00:00 AM,209
Horticulture,Carrots,Ext Bag,138,KES2778.00,10/01/2012 12:00:00 AM,210
Horticulture,Tomatoes,Lg Box,64,KES2576.00,10/01/2012 12:00:00 AM,211
Horticulture,Onions Dry,net,13,KES819.00,10/01/2012 12:00:00 AM,212
Horticulture,Spring Onions,Bag,142,KES1852.00,10/01/2012 12:00:00 AM,213
Horticulture,Chillies,Bag,38,KES2592.00,10/01/2012 12:00:00 AM,214
Horticulture,Cucumber,Bag,50,KES2020.00,10/01/2012 12:00:00 AM,215
Horticulture,Capsicums,Bag,50,KES2439.00,10/01/2012 12:00:00 AM,216
Horticulture,Brinjals,Bag,44,KES1386.00,10/01/2012 12:00:00 AM,217
Horticulture,Cauliflower,crate,39,KES1883.00,10/01/2012 12:00:00 AM,218
Horticulture,Lettuce,Bag,51,KES4944.00,10/01/2012 12:00:00 AM,219
Horticulture,Passion Fruits,Bag,57,KES3429.00,10/01/2012 12:00:00 AM,220
Horticulture,Oranges,Bag,93,KES3003.00,10/01/2012 12:00:00 AM,221
Horticulture,Lemons,Bag,95,KES1455.00,10/01/2012 12:00:00 AM,222
Horticulture,Mangoes Local,Bag,126,KES1862.00,10/01/2012 12:00:00 AM,223
Horticulture,Mangoes Ngowe,Sm Basket,25,KES1174.00,10/01/2012 12:00:00 AM,224
Horticulture,Limes,net,13,KES680.00,10/01/2012 12:00:00 AM,225
Horticulture,Pineapples,Dozen,13,KES841.00,10/01/2012 12:00:00 AM,226
Horticulture,Pawpaw,Lg Box,54,KES1431.00,10/01/2012 12:00:00 AM,227
Horticulture,Avocado,Bag,90,KES1860.00,10/01/2012 12:00:00 AM,228
Horticulture,Kales,Bag,50,KES749.00,10/01/2012 12:00:00 AM,229
Horticulture,Cabbages,Ext Bag,126,KES1410.00,11/01/2012 12:00:00 AM,230
Horticulture,Cooking Bananas,Med Bunch,22,KES548.00,11/01/2012 12:00:00 AM,231
Horticulture,Ripe Bananas,Med Bunch,14,KES593.00,11/01/2012 12:00:00 AM,232
Horticulture,Carrots,Ext Bag,138,KES2515.00,11/01/2012 12:00:00 AM,233
Horticulture,Tomatoes,Lg Box,64,KES3392.00,11/01/2012 12:00:00 AM,234
Horticulture,Onions Dry,net,13,KES907.00,11/01/2012 12:00:00 AM,235
Horticulture,Spring Onions,Bag,142,KES2015.00,11/01/2012 12:00:00 AM,236
Horticulture,Chillies,Bag,38,KES2387.00,11/01/2012 12:00:00 AM,237
Horticulture,Cucumber,Bag,50,KES1756.00,11/01/2012 12:00:00 AM,238
Horticulture,Capsicums,Bag,50,KES2088.00,11/01/2012 12:00:00 AM,239
Horticulture,Brinjals,Bag,44,KES1325.00,11/01/2012 12:00:00 AM,240
Horticulture,Cauliflower,crate,39,KES1364.00,11/01/2012 12:00:00 AM,241
Horticulture,Lettuce,Bag,51,KES2182.00,11/01/2012 12:00:00 AM,242
Horticulture,Passion Fruits,Bag,57,KES3505.00,11/01/2012 12:00:00 AM,243
Horticulture,Oranges,Bag,93,KES2678.00,11/01/2012 12:00:00 AM,244
Horticulture,Lemons,Bag,95,KES1546.00,11/01/2012 12:00:00 AM,245
Horticulture,Mangoes Local,Bag,126,KES1807.00,11/01/2012 12:00:00 AM,246
Horticulture,Mangoes Ngowe,Sm Basket,25,KES875.00,11/01/2012 12:00:00 AM,247
Horticulture,Limes,net,13,KES847.00,11/01/2012 12:00:00 AM,248
Horticulture,Pineapples,Dozen,13,KES778.00,11/01/2012 12:00:00 AM,249
Horticulture,Pawpaw,Lg Box,54,KES1298.00,11/01/2012 12:00:00 AM,250
Horticulture,Avocado,Bag,90,KES1847.00,11/01/2012 12:00:00 AM,251
Horticulture,Kales,Bag,50,KES670.00,11/01/2012 12:00:00 AM,252
Horticulture,Cabbages,Ext Bag,126,KES1504.00,12/01/2012 12:00:00 AM,253
Horticulture,Cooking Bananas,Med Bunch,22,KES547.00,12/01/2012 12:00:00 AM,254
Horticulture,Ripe Bananas,Med Bunch,14,KES577.00,12/01/2012 12:00:00 AM,255
Horticulture,Carrots,Ext Bag,138,KES2507.00,12/01/2012 12:00:00 AM,256
Horticulture,Tomatoes,Lg Box,64,KES3348.00,12/01/2012 12:00:00 AM,257
Horticulture,Onions Dry,net,13,KES900.00,12/01/2012 12:00:00 AM,258
Horticulture,Spring Onions,Bag,142,KES2390.00,12/01/2012 12:00:00 AM,259
Horticulture,Chillies,Bag,38,KES3300.00,12/01/2012 12:00:00 AM,260
Horticulture,Cucumber,Bag,50,KES1861.00,12/01/2012 12:00:00 AM,261
Horticulture,Capsicums,Bag,50,KES2222.00,12/01/2012 12:00:00 AM,262
Horticulture,Brinjals,Bag,44,KES1427.00,12/01/2012 12:00:00 AM,263
Horticulture,Cauliflower,crate,39,KES1993.00,12/01/2012 12:00:00 AM,264
Horticulture,Lettuce,Bag,51,KES3932.00,12/01/2012 12:00:00 AM,265
Horticulture,Passion Fruits,Bag,57,KES3548.00,12/01/2012 12:00:00 AM,266
Horticulture,Oranges,Bag,93,KES2877.00,12/01/2012 12:00:00 AM,267
Horticulture,Lemons,Bag,95,KES1911.00,12/01/2012 12:00:00 AM,268
Horticulture,Mangoes Local,Bag,126,KES2124.00,12/01/2012 12:00:00 AM,269
Horticulture,Mangoes Ngowe,Sm Basket,25,KES912.00,12/01/2012 12:00:00 AM,270
Horticulture,Limes,net,13,KES728.00,12/01/2012 12:00:00 AM,271
Horticulture,Pineapples,Dozen,13,KES727.00,12/01/2012 12:00:00 AM,272
Horticulture,Pawpaw,Lg Box,54,KES1611.00,12/01/2012 12:00:00 AM,273
Horticulture,Avocado,Bag,90,KES2255.00,12/01/2012 12:00:00 AM,274
Horticulture,Kales,Bag,50,KES690.00,12/01/2012 12:00:00 AM,275
Horticulture,Cabbages,Ext Bag,126,KES1466.00,01/01/2013 12:00:00 AM,276
Horticulture,Kales,Bag,50,KES685.00,01/01/2013 12:00:00 AM,277
Horticulture,Avocado,Bag,90,KES1981.00,01/01/2013 12:00:00 AM,278
Horticulture,Pawpaw,Lg Box,54,KES1479.00,01/01/2013 12:00:00 AM,279
Horticulture,Pineapples,Dozen,13,KES897.00,01/01/2013 12:00:00 AM,280
Horticulture,Limes,net,13,KES582.00,01/01/2013 12:00:00 AM,281
Horticulture,Mangoes Ngowe,Sm Basket,25,KES827.00,01/01/2013 12:00:00 AM,282
Horticulture,Mangoes Local,Bag,126,KES1833.00,01/01/2013 12:00:00 AM,283
Horticulture,Lemons,Bag,95,KES1875.00,01/01/2013 12:00:00 AM,284
Horticulture,Oranges,Bag,93,KES2938.00,01/01/2013 12:00:00 AM,285
Horticulture,Passion Fruits,Bag,57,KES3180.00,01/01/2013 12:00:00 AM,286
Horticulture,Lettuce,Bag,51,KES4047.00,01/01/2013 12:00:00 AM,287
Horticulture,Cauliflower,crate,39,KES2098.00,01/01/2013 12:00:00 AM,288
Horticulture,Brinjals,Bag,44,KES1547.00,01/01/2013 12:00:00 AM,289
Horticulture,Capsicums,Bag,50,KES2099.00,01/01/2013 12:00:00 AM,290
Horticulture,Cucumber,Bag,50,KES1697.00,01/01/2013 12:00:00 AM,291
Horticulture,Chillies,Bag,38,KES2403.00,01/01/2013 12:00:00 AM,292
Horticulture,Spring Onions,Bag,142,KES1785.00,01/01/2013 12:00:00 AM,293
Horticulture,Onions Dry,net,13,KES797.00,01/01/2013 12:00:00 AM,294
Horticulture,Tomatoes,Lg Box,64,KES2831.00,01/01/2013 12:00:00 AM,295
Horticulture,Carrots,Ext Bag,138,KES2538.00,01/01/2013 12:00:00 AM,296
Horticulture,Ripe Bananas,Med Bunch,14,KES609.00,01/01/2013 12:00:00 AM,297
Horticulture,Cooking Bananas,Med Bunch,22,KES586.00,01/01/2013 12:00:00 AM,298
Horticulture,Cooking Bananas,Med Bunch,22,KES629.00,02/01/2013 12:00:00 AM,299
Horticulture,Kales,Bag,50,KES804.00,02/01/2013 12:00:00 AM,300
Horticulture,Avocado,Bag,90,KES2394.00,02/01/2013 12:00:00 AM,301
Horticulture,Pawpaw,Lg Box,54,KES1472.00,02/01/2013 12:00:00 AM,302
Horticulture,Pineapples,Dozen,13,KES750.00,02/01/2013 12:00:00 AM,303
Horticulture,Limes,net,13,KES710.00,02/01/2013 12:00:00 AM,304
Horticulture,Mangoes Ngowe,Sm Basket,25,KES927.00,02/01/2013 12:00:00 AM,305
Horticulture,Mangoes Local,Bag,126,KES1957.00,02/01/2013 12:00:00 AM,306
Horticulture,Lemons,Bag,95,KES2051.00,02/01/2013 12:00:00 AM,307
Horticulture,Oranges,Bag,93,KES3230.00,02/01/2013 12:00:00 AM,308
Horticulture,Passion Fruits,Bag,57,KES2955.00,02/01/2013 12:00:00 AM,309
Horticulture,Lettuce,Bag,51,KES3476.00,02/01/2013 12:00:00 AM,310
Horticulture,Cauliflower,crate,39,KES2483.00,02/01/2013 12:00:00 AM,311
Horticulture,Brinjals,Bag,44,KES1836.00,02/01/2013 12:00:00 AM,312
Horticulture,Capsicums,Bag,50,KES2517.00,02/01/2013 12:00:00 AM,313
Horticulture,Cucumber,Bag,50,KES2251.00,02/01/2013 12:00:00 AM,314
Horticulture,Chillies,Bag,38,KES2989.00,02/01/2013 12:00:00 AM,315
Horticulture,Spring Onions,Bag,142,KES2254.00,02/01/2013 12:00:00 AM,316
Horticulture,Onions Dry,net,13,KES792.00,02/01/2013 12:00:00 AM,317
Horticulture,Tomatoes,Lg Box,64,KES2969.00,02/01/2013 12:00:00 AM,318
Horticulture,Carrots,Ext Bag,138,KES2669.00,02/01/2013 12:00:00 AM,319
Horticulture,Ripe Bananas,Med Bunch,14,KES708.00,02/01/2013 12:00:00 AM,320
Horticulture,Cabbages,Ext Bag,126,KES1798.00,02/01/2013 12:00:00 AM,321
Horticulture,Cabbages,Ext Bag,126,KES1667.00,03/01/2013 12:00:00 AM,322
Horticulture,Cooking Bananas,Med Bunch,22,KES539.00,03/01/2013 12:00:00 AM,323
Horticulture,Ripe Bananas,Med Bunch,14,KES607.00,03/01/2013 12:00:00 AM,324
Horticulture,Carrots,Ext Bag,138,KES2969.00,03/01/2013 12:00:00 AM,325
Horticulture,Tomatoes,Lg Box,64,KES3669.00,03/01/2013 12:00:00 AM,326
Horticulture,Onions Dry,net,13,KES883.00,03/01/2013 12:00:00 AM,327
Horticulture,Spring Onions,Bag,142,KES2159.00,03/01/2013 12:00:00 AM,328
Horticulture,Chillies,Bag,38,KES2377.00,03/01/2013 12:00:00 AM,329
Horticulture,Cucumber,Bag,50,KES2742.00,03/01/2013 12:00:00 AM,330
Horticulture,Capsicums,Bag,50,KES2750.00,03/01/2013 12:00:00 AM,331
Horticulture,Brinjals,Bag,44,KES1587.00,03/01/2013 12:00:00 AM,332
Horticulture,Cauliflower,crate,39,KES2452.00,03/01/2013 12:00:00 AM,333
Horticulture,Lettuce,Bag,51,KES3470.00,03/01/2013 12:00:00 AM,334
Horticulture,Passion Fruits,Bag,57,KES3988.00,03/01/2013 12:00:00 AM,335
Horticulture,Oranges,Bag,93,KES3053.00,03/01/2013 12:00:00 AM,336
Horticulture,Lemons,Bag,95,KES2039.00,03/01/2013 12:00:00 AM,337
Horticulture,Mangoes Local,Bag,126,KES2105.00,03/01/2013 12:00:00 AM,338
Horticulture,Mangoes Ngowe,Sm Basket,25,KES1149.00,03/01/2013 12:00:00 AM,339
Horticulture,Limes,net,13,KES679.00,03/01/2013 12:00:00 AM,340
Horticulture,Pineapples,Dozen,13,KES728.00,03/01/2013 12:00:00 AM,341
Horticulture,Pawpaw,Lg Box,54,KES1521.00,03/01/2013 12:00:00 AM,342
Horticulture,Avocado,Bag,90,KES2322.00,03/01/2013 12:00:00 AM,343
Horticulture,Kales,Bag,50,KES1039.00,03/01/2013 12:00:00 AM,344
Horticulture,Cabbages,Ext Bag,126,KES1638.00,04/01/2013 12:00:00 AM,345
Horticulture,Cooking Bananas,Med Bunch,22,KES545.00,04/01/2013 12:00:00 AM,346
Horticulture,Ripe Bananas,Med Bunch,14,KES620.00,04/01/2013 12:00:00 AM,347
Horticulture,Carrots,Ext Bag,138,KES3223.00,04/01/2013 12:00:00 AM,348
Horticulture,Tomatoes,Lg Box,64,KES5182.00,04/01/2013 12:00:00 AM,349
Horticulture,Onions Dry,net,13,KES850.00,04/01/2013 12:00:00 AM,350
Horticulture,Spring Onions,Bag,142,KES2194.00,04/01/2013 12:00:00 AM,351
Horticulture,Chillies,Bag,38,KES3064.00,04/01/2013 12:00:00 AM,352
Horticulture,Cucumber,Bag,50,KES2405.00,04/01/2013 12:00:00 AM,353
Horticulture,Capsicums,Bag,50,KES2930.00,04/01/2013 12:00:00 AM,354
Horticulture,Brinjals,Bag,44,KES1664.00,04/01/2013 12:00:00 AM,355
Horticulture,Cauliflower,crate,39,KES3781.00,04/01/2013 12:00:00 AM,356
Horticulture,Lettuce,Bag,51,KES3202.00,04/01/2013 12:00:00 AM,357
Horticulture,Passion Fruits,Bag,57,KES3725.00,04/01/2013 12:00:00 AM,358
Horticulture,Oranges,Bag,93,KES2948.00,04/01/2013 12:00:00 AM,359
Horticulture,Lemons,Bag,95,KES1960.00,04/01/2013 12:00:00 AM,360
Horticulture,Mangoes Local,Bag,126,KES2444.00,04/01/2013 12:00:00 AM,361
Horticulture,Mangoes Ngowe,Sm Basket,25,KES770.00,04/01/2013 12:00:00 AM,362
Horticulture,Limes,net,13,KES635.00,04/01/2013 12:00:00 AM,363
Horticulture,Pineapples,Dozen,13,KES780.00,04/01/2013 12:00:00 AM,364
Horticulture,Pawpaw,Lg Box,54,KES1473.00,04/01/2013 12:00:00 AM,365
Horticulture,Avocado,Bag,90,KES2287.00,04/01/2013 12:00:00 AM,366
Horticulture,Kales,Bag,50,KES848.00,04/01/2013 12:00:00 AM,367
Horticulture,Lettuce,Bag,51,KES4090.00,05/01/2013 12:00:00 AM,368
Horticulture,Kales,Bag,50,KES1277.00,05/01/2013 12:00:00 AM,369
Horticulture,Avocado,Bag,90,KES2705.00,05/01/2013 12:00:00 AM,370
Horticulture,Pawpaw,Lg Box,54,KES1777.00,05/01/2013 12:00:00 AM,371
Horticulture,Pineapples,Dozen,13,KES754.00,05/01/2013 12:00:00 AM,372
Horticulture,Limes,net,13,KES683.00,05/01/2013 12:00:00 AM,373
Horticulture,Mangoes Ngowe,Sm Basket,25,KES1079.00,05/01/2013 12:00:00 AM,374
Horticulture,Mangoes Local,Bag,126,KES2420.00,05/01/2013 12:00:00 AM,375
Horticulture,Lemons,Bag,95,KES2112.00,05/01/2013 12:00:00 AM,376
Horticulture,Oranges,Bag,93,KES2893.00,05/01/2013 12:00:00 AM,377
Horticulture,Passion Fruits,Bag,57,KES3923.00,05/01/2013 12:00:00 AM,378
Horticulture,Cauliflower,crate,39,KES3553.00,05/01/2013 12:00:00 AM,379
Horticulture,Brinjals,Bag,44,KES1700.00,05/01/2013 12:00:00 AM,380
Horticulture,Capsicums,Bag,50,KES2663.00,05/01/2013 12:00:00 AM,381
Horticulture,Cucumber,Bag,50,KES2268.00,05/01/2013 12:00:00 AM,382
Horticulture,Chillies,Bag,38,KES3105.00,05/01/2013 12:00:00 AM,383
Horticulture,Spring Onions,Bag,142,KES2571.00,05/01/2013 12:00:00 AM,384
Horticulture,Onions Dry,net,13,KES967.00,05/01/2013 12:00:00 AM,385
Horticulture,Tomatoes,Lg Box,64,KES5596.00,05/01/2013 12:00:00 AM,386
Horticulture,Carrots,Ext Bag,138,KES3318.00,05/01/2013 12:00:00 AM,387
Horticulture,Ripe Bananas,Med Bunch,14,KES625.00,05/01/2013 12:00:00 AM,388
Horticulture,Cooking Bananas,Med Bunch,22,KES618.00,05/01/2013 12:00:00 AM,389
Horticulture,Cabbages,Ext Bag,126,KES2058.00,05/01/2013 12:00:00 AM,390
Horticulture,Cooking Bananas,Med Bunch,22,KES541.00,06/01/2013 12:00:00 AM,391
Horticulture,Ripe Bananas,Med Bunch,14,KES583.00,06/01/2013 12:00:00 AM,392
Horticulture,Carrots,Ext Bag,138,KES3647.00,06/01/2013 12:00:00 AM,393
Horticulture,Tomatoes,Lg Box,64,KES4037.00,06/01/2013 12:00:00 AM,394
Horticulture,Onions Dry,net,13,KES1147.00,06/01/2013 12:00:00 AM,395
Horticulture,Spring Onions,Bag,142,KES2480.00,06/01/2013 12:00:00 AM,396
Horticulture,Chillies,Bag,38,KES2973.00,06/01/2013 12:00:00 AM,397
Horticulture,Cucumber,Bag,50,KES1946.00,06/01/2013 12:00:00 AM,398
Horticulture,Capsicums,Bag,50,KES3031.00,06/01/2013 12:00:00 AM,399
Horticulture,Brinjals,Bag,44,KES1720.00,06/01/2013 12:00:00 AM,400
Horticulture,Cauliflower,crate,39,KES3490.00,06/01/2013 12:00:00 AM,401
Horticulture,Cabbages,Ext Bag,126,KES2465.00,06/01/2013 12:00:00 AM,402
Horticulture,Lettuce,Bag,51,KES3748.00,06/01/2013 12:00:00 AM,403
Horticulture,Passion Fruits,Bag,57,KES4041.00,06/01/2013 12:00:00 AM,404
Horticulture,Oranges,Bag,93,KES2674.00,06/01/2013 12:00:00 AM,405
Horticulture,Lemons,Bag,95,KES2085.00,06/01/2013 12:00:00 AM,406
Horticulture,Mangoes Local,Bag,126,KES2078.00,06/01/2013 12:00:00 AM,407
Horticulture,Mangoes Ngowe,Sm Basket,25,KES915.00,06/01/2013 12:00:00 AM,408
Horticulture,Limes,net,13,KES443.00,06/01/2013 12:00:00 AM,409
Horticulture,Pineapples,Dozen,13,KES700.00,06/01/2013 12:00:00 AM,410
Horticulture,Pawpaw,Lg Box,54,KES1511.00,06/01/2013 12:00:00 AM,411
Horticulture,Avocado,Bag,90,KES2097.00,06/01/2013 12:00:00 AM,412
Horticulture,Kales,Bag,50,KES1626.00,06/01/2013 12:00:00 AM,413
Horticulture,Cabbages,Ext Bag,126,KES2326.00,07/01/2013 12:00:00 AM,414
Horticulture,Cooking Bananas,Med Bunch,22,KES518.00,07/01/2013 12:00:00 AM,415
Horticulture,Ripe Bananas,Med Bunch,14,KES578.00,07/01/2013 12:00:00 AM,416
Horticulture,Carrots,Ext Bag,138,KES3553.00,07/01/2013 12:00:00 AM,417
Horticulture,Tomatoes,Lg Box,64,KES2786.00,07/01/2013 12:00:00 AM,418
Horticulture,Onions Dry,net,13,KES957.00,07/01/2013 12:00:00 AM,419
Horticulture,Spring Onions,Bag,142,KES2318.00,07/01/2013 12:00:00 AM,420
Horticulture,Chillies,Bag,38,KES3251.00,07/01/2013 12:00:00 AM,421
Horticulture,Cucumber,Bag,50,KES2505.00,07/01/2013 12:00:00 AM,422
Horticulture,Capsicums,Bag,50,KES2767.00,07/01/2013 12:00:00 AM,423
Horticulture,Brinjals,Bag,44,KES1851.00,07/01/2013 12:00:00 AM,424
Horticulture,Cauliflower,crate,39,KES2333.00,07/01/2013 12:00:00 AM,425
Horticulture,Lettuce,Bag,51,KES3246.00,07/01/2013 12:00:00 AM,426
Horticulture,Passion Fruits,Bag,57,KES3740.00,07/01/2013 12:00:00 AM,427
Horticulture,Oranges,Bag,93,KES2718.00,07/01/2013 12:00:00 AM,428
Horticulture,Lemons,Bag,95,KES2023.00,07/01/2013 12:00:00 AM,429
Horticulture,Mangoes Local,Bag,126,KES2208.00,07/01/2013 12:00:00 AM,430
Horticulture,Mangoes Ngowe,Sm Basket,25,KES1064.00,07/01/2013 12:00:00 AM,431
Horticulture,Limes,net,13,KES507.00,07/01/2013 12:00:00 AM,432
Horticulture,Pineapples,Dozen,13,KES688.00,07/01/2013 12:00:00 AM,433
Horticulture,Pawpaw,Lg Box,54,KES1609.00,07/01/2013 12:00:00 AM,434
Horticulture,Avocado,Bag,90,KES2202.00,07/01/2013 12:00:00 AM,435
Horticulture,Kales,Bag,50,KES1556.00,07/01/2013 12:00:00 AM,436
Horticulture,Cauliflower,crate,39,KES2099.00,08/01/2013 12:00:00 AM,437
Horticulture,Cabbages,Ext Bag,126,KES2433.00,08/01/2013 12:00:00 AM,438
Horticulture,Cooking Bananas,Med Bunch,22,KES500.00,08/01/2013 12:00:00 AM,439
Horticulture,Ripe Bananas,Med Bunch,14,KES553.00,08/01/2013 12:00:00 AM,440
Horticulture,Carrots,Ext Bag,138,KES3469.00,08/01/2013 12:00:00 AM,441
Horticulture,Tomatoes,Lg Box,64,KES2653.00,08/01/2013 12:00:00 AM,442
Horticulture,Onions Dry,net,13,KES894.00,08/01/2013 12:00:00 AM,443
Horticulture,Spring Onions,Bag,142,KES1820.00,08/01/2013 12:00:00 AM,444
Horticulture,Chillies,Bag,38,KES2321.00,08/01/2013 12:00:00 AM,445
Horticulture,Cucumber,Bag,50,KES2323.00,08/01/2013 12:00:00 AM,446
Horticulture,Capsicums,Bag,50,KES3077.00,08/01/2013 12:00:00 AM,447
Horticulture,Brinjals,Bag,44,KES1705.00,08/01/2013 12:00:00 AM,448
Horticulture,Lettuce,Bag,51,KES3553.00,08/01/2013 12:00:00 AM,449
Horticulture,Passion Fruits,Bag,57,KES4518.00,08/01/2013 12:00:00 AM,450
Horticulture,Oranges,Bag,93,KES2878.00,08/01/2013 12:00:00 AM,451
Horticulture,Lemons,Bag,95,KES1889.00,08/01/2013 12:00:00 AM,452
Horticulture,Mangoes Local,Bag,126,KES2255.00,08/01/2013 12:00:00 AM,453
Horticulture,Mangoes Ngowe,Sm Basket,25,KES1257.00,08/01/2013 12:00:00 AM,454
Horticulture,Limes,net,13,KES645.00,08/01/2013 12:00:00 AM,455
Horticulture,Pineapples,Dozen,13,KES710.00,08/01/2013 12:00:00 AM,456
Horticulture,Pawpaw,Lg Box,54,KES1411.00,08/01/2013 12:00:00 AM,457
Horticulture,Avocado,Bag,90,KES2031.00,08/01/2013 12:00:00 AM,458
Horticulture,Kales,Bag,50,KES1257.00,08/01/2013 12:00:00 AM,459
Horticulture,Cabbages,Ext Bag,126,KES2350.00,09/01/2013 12:00:00 AM,460
Horticulture,Cooking Bananas,Med Bunch,22,KES510.00,09/01/2013 12:00:00 AM,461
Horticulture,Ripe Bananas,Med Bunch,14,KES568.00,09/01/2013 12:00:00 AM,462
Horticulture,Carrots,Ext Bag,138,KES4340.00,09/01/2013 12:00:00 AM,463
Horticulture,Tomatoes,Lg Box,64,KES2446.00,09/01/2013 12:00:00 AM,464
Horticulture,Onions Dry,net,13,KES862.00,09/01/2013 12:00:00 AM,465
Horticulture,Spring Onions,Bag,142,KES1950.00,09/01/2013 12:00:00 AM,466
Horticulture,Chillies,Bag,38,KES2353.00,09/01/2013 12:00:00 AM,467
Horticulture,Cucumber,Bag,50,KES1784.00,09/01/2013 12:00:00 AM,468
Horticulture,Capsicums,Bag,50,KES2846.00,09/01/2013 12:00:00 AM,469
Horticulture,Brinjals,Bag,44,KES1763.00,09/01/2013 12:00:00 AM,470
Horticulture,Kales,Bag,50,KES1086.00,09/01/2013 12:00:00 AM,471
Horticulture,Cauliflower,crate,39,KES1901.00,09/01/2013 12:00:00 AM,472
Horticulture,Lettuce,Bag,51,KES3205.00,09/01/2013 12:00:00 AM,473
Horticulture,Passion Fruits,Bag,57,KES3728.00,09/01/2013 12:00:00 AM,474
Horticulture,Oranges,Bag,93,KES2956.00,09/01/2013 12:00:00 AM,475
Horticulture,Lemons,Bag,95,KES2077.00,09/01/2013 12:00:00 AM,476
Horticulture,Mangoes Local,Bag,126,KES2688.00,09/01/2013 12:00:00 AM,477
Horticulture,Mangoes Ngowe,Sm Basket,25,KES1262.00,09/01/2013 12:00:00 AM,478
Horticulture,Limes,net,13,KES771.00,09/01/2013 12:00:00 AM,479
Horticulture,Pineapples,Dozen,13,KES711.00,09/01/2013 12:00:00 AM,480
Horticulture,Pawpaw,Lg Box,54,KES1562.00,09/01/2013 12:00:00 AM,481
Horticulture,Avocado,Bag,90,KES2070.00,09/01/2013 12:00:00 AM,482
Horticulture,Oranges,Bag,93,KES3104.00,10/01/2013 12:00:00 AM,483
Horticulture,Cabbages,Ext Bag,126,KES1992.00,10/01/2013 12:00:00 AM,484
Horticulture,Cooking Bananas,Med Bunch,22,KES513.00,10/01/2013 12:00:00 AM,485
Horticulture,Ripe Bananas,Med Bunch,14,KES565.00,10/01/2013 12:00:00 AM,486
Horticulture,Carrots,Ext Bag,138,KES4390.00,10/01/2013 12:00:00 AM,487
Horticulture,Tomatoes,Lg Box,64,KES2862.00,10/01/2013 12:00:00 AM,488
Horticulture,Onions Dry,net,13,KES845.00,10/01/2013 12:00:00 AM,489
Horticulture,Spring Onions,Bag,142,KES1978.00,10/01/2013 12:00:00 AM,490
Horticulture,Chillies,Bag,38,KES2325.00,10/01/2013 12:00:00 AM,491
Horticulture,Cucumber,Bag,50,KES2259.00,10/01/2013 12:00:00 AM,492
Horticulture,Capsicums,Bag,50,KES2515.00,10/01/2013 12:00:00 AM,493
Horticulture,Brinjals,Bag,44,KES1657.00,10/01/2013 12:00:00 AM,494
Horticulture,Cauliflower,crate,39,KES1964.00,10/01/2013 12:00:00 AM,495
Horticulture,Lettuce,Bag,51,KES3044.00,10/01/2013 12:00:00 AM,496
Horticulture,Passion Fruits,Bag,57,KES3572.00,10/01/2013 12:00:00 AM,497
Horticulture,Lemons,Bag,95,KES2292.00,10/01/2013 12:00:00 AM,498
Horticulture,Mangoes Local,Bag,126,KES2259.00,10/01/2013 12:00:00 AM,499
Horticulture,Mangoes Ngowe,Sm Basket,25,KES1200.00,10/01/2013 12:00:00 AM,500
Horticulture,Limes,net,13,KES990.00,10/01/2013 12:00:00 AM,501
Horticulture,Pineapples,Dozen,13,KES797.00,10/01/2013 12:00:00 AM,502
Horticulture,Pawpaw,Lg Box,54,KES1466.00,10/01/2013 12:00:00 AM,503
Horticulture,Avocado,Bag,90,KES2307.00,10/01/2013 12:00:00 AM,504
Horticulture,Kales,Bag,50,KES849.00,10/01/2013 12:00:00 AM,505
Horticulture,Kales,Bag,50,KES1013.00,11/01/2013 12:00:00 AM,506
Horticulture,Cabbages,Ext Bag,126,KES1965.00,11/01/2013 12:00:00 AM,507
Horticulture,Cooking Bananas,Med Bunch,22,KES519.00,11/01/2013 12:00:00 AM,508
Horticulture,Ripe Bananas,Med Bunch,14,KES588.00,11/01/2013 12:00:00 AM,509
Horticulture,Carrots,Ext Bag,138,KES4043.00,11/01/2013 12:00:00 AM,510
Horticulture,Tomatoes,Lg Box,64,KES3141.00,11/01/2013 12:00:00 AM,511
Horticulture,Onions Dry,net,13,KES844.00,11/01/2013 12:00:00 AM,512
Horticulture,Spring Onions,Bag,142,KES2084.00,11/01/2013 12:00:00 AM,513
Horticulture,Chillies,Bag,38,KES2349.00,11/01/2013 12:00:00 AM,514
Horticulture,Cucumber,Bag,50,KES2094.00,11/01/2013 12:00:00 AM,515
Horticulture,Capsicums,Bag,50,KES2219.00,11/01/2013 12:00:00 AM,516
Horticulture,Brinjals,Bag,44,KES1636.00,11/01/2013 12:00:00 AM,517
Horticulture,Cauliflower,crate,39,KES2067.00,11/01/2013 12:00:00 AM,518
Horticulture,Lettuce,Bag,51,KES4072.00,11/01/2013 12:00:00 AM,519
Horticulture,Passion Fruits,Bag,57,KES4129.00,11/01/2013 12:00:00 AM,520
Horticulture,Oranges,Bag,93,KES2967.00,11/01/2013 12:00:00 AM,521
Horticulture,Lemons,Bag,95,KES2560.00,11/01/2013 12:00:00 AM,522
Horticulture,Mangoes Local,Bag,126,KES2034.00,11/01/2013 12:00:00 AM,523
Horticulture,Avocado,Bag,90,KES2672.00,11/01/2013 12:00:00 AM,524
Horticulture,Mangoes Ngowe,Sm Basket,25,KES1082.00,11/01/2013 12:00:00 AM,525
Horticulture,Limes,net,13,KES902.00,11/01/2013 12:00:00 AM,526
Horticulture,Pineapples,Dozen,13,KES826.00,11/01/2013 12:00:00 AM,527
Horticulture,Pawpaw,Lg Box,54,KES1507.00,11/01/2013 12:00:00 AM,528
Horticulture,Kales,Bag,50,KES953.00,12/01/2013 12:00:00 AM,529
Horticulture,Carrots,Ext Bag,138,KES3498.00,12/01/2013 12:00:00 AM,530
Horticulture,Tomatoes,Lg Box,64,KES2897.00,12/01/2013 12:00:00 AM,531
Horticulture,Onions Dry,net,13,KES862.00,12/01/2013 12:00:00 AM,532
Horticulture,Spring Onions,Bag,142,KES1755.00,12/01/2013 12:00:00 AM,533
Horticulture,Chillies,Bag,38,KES2357.00,12/01/2013 12:00:00 AM,534
Horticulture,Cucumber,Bag,50,KES1843.00,12/01/2013 12:00:00 AM,535
Horticulture,Capsicums,Bag,50,KES2195.00,12/01/2013 12:00:00 AM,536
Horticulture,Brinjals,Bag,44,KES1471.00,12/01/2013 12:00:00 AM,537
Horticulture,Cauliflower,crate,39,KES2373.00,12/01/2013 12:00:00 AM,538
Horticulture,Lettuce,Bag,51,KES3571.00,12/01/2013 12:00:00 AM,539
Horticulture,Passion Fruits,Bag,57,KES3500.00,12/01/2013 12:00:00 AM,540
Horticulture,Oranges,Bag,93,KES2556.00,12/01/2013 12:00:00 AM,541
Horticulture,Ripe Bananas,Med Bunch,14,KES638.00,12/01/2013 12:00:00 AM,542
Horticulture,Lemons,Bag,95,KES2569.00,12/01/2013 12:00:00 AM,543
Horticulture,Mangoes Local,Bag,126,KES1872.00,12/01/2013 12:00:00 AM,544
Horticulture,Mangoes Ngowe,Sm Basket,25,KES1085.00,12/01/2013 12:00:00 AM,545
Horticulture,Limes,net,13,KES776.00,12/01/2013 12:00:00 AM,546
Horticulture,Pineapples,Dozen,13,KES824.00,12/01/2013 12:00:00 AM,547
Horticulture,Pawpaw,Lg Box,54,KES1498.00,12/01/2013 12:00:00 AM,548
Horticulture,Cooking Bananas,Med Bunch,22,KES521.00,12/01/2013 12:00:00 AM,549
Horticulture,Avocado,Bag,90,KES2303.00,12/01/2013 12:00:00 AM,550
Horticulture,Cabbages,Ext Bag,126,KES1728.00,12/01/2013 12:00:00 AM,551
Horticulture,Cooking Bananas,Med Bunch,22,KES473.00,01/01/2015 12:00:00 AM,552
Horticulture,Cabbages,Ext Bag,126,KES2245.00,01/01/2015 12:00:00 AM,553
Horticulture,Kales,Bag,50,KES1227.00,01/01/2015 12:00:00 AM,554
Horticulture,Avocado,Bag,90,KES2379.00,01/01/2015 12:00:00 AM,555
Horticulture,Pawpaw,Lg Box,54,KES1563.00,01/01/2015 12:00:00 AM,556
Horticulture,Pineapples,Dozen,13,KES796.00,01/01/2015 12:00:00 AM,557
Horticulture,Limes,net,13,KES648.00,01/01/2015 12:00:00 AM,558
Horticulture,Mangoes Ngowe,Sm Basket,25,KES1170.00,01/01/2015 12:00:00 AM,559
Horticulture,Mangoes Local,Bag,126,KES1963.00,01/01/2015 12:00:00 AM,560
Horticulture,Lemons,Bag,95,KES2540.00,01/01/2015 12:00:00 AM,561
Horticulture,Oranges,Bag,93,KES3795.00,01/01/2015 12:00:00 AM,562
Horticulture,Passion Fruits,Bag,57,KES4037.00,01/01/2015 12:00:00 AM,563
Horticulture,Lettuce,Bag,51,KES2192.00,01/01/2015 12:00:00 AM,564
Horticulture,Cauliflower,crate,39,KES2091.00,01/01/2015 12:00:00 AM,565
Horticulture,Brinjals,Bag,44,KES1786.00,01/01/2015 12:00:00 AM,566
Horticulture,Capsicums,Bag,50,KES2978.00,01/01/2015 12:00:00 AM,567
Horticulture,Cucumber,Bag,50,KES1810.00,01/01/2015 12:00:00 AM,568
Horticulture,Chillies,Bag,38,KES2624.00,01/01/2015 12:00:00 AM,569
Horticulture,Spring Onions,Bag,142,KES1836.00,01/01/2015 12:00:00 AM,570
Horticulture,Onions Dry,net,13,KES813.00,01/01/2015 12:00:00 AM,571
Horticulture,Tomatoes,Lg Box,64,KES4097.00,01/01/2015 12:00:00 AM,572
Horticulture,Carrots,Ext Bag,138,KES2840.00,01/01/2015 12:00:00 AM,573
Horticulture,Ripe Bananas,Med Bunch,14,KES568.00,01/01/2015 12:00:00 AM,574
Horticulture,Mangoes Local,Bag,126,KES2201.00,02/01/2015 12:00:00 AM,575
Horticulture,Chillies,Bag,38,KES2816.00,02/01/2015 12:00:00 AM,576
Horticulture,Capsicums,Bag,50,KES2922.00,02/01/2015 12:00:00 AM,577
Horticulture,Cabbages,Ext Bag,126,KES2335.00,02/01/2015 12:00:00 AM,578
Horticulture,Limes,net,13,KES688.00,02/01/2015 12:00:00 AM,579
Horticulture,Mangoes Ngowe,Sm Basket,25,KES1051.00,02/01/2015 12:00:00 AM,580
Horticulture,Oranges,Bag,93,KES3384.00,02/01/2015 12:00:00 AM,581
Horticulture,Brinjals,Bag,44,KES2126.00,02/01/2015 12:00:00 AM,582
Horticulture,Kales,Bag,50,KES2076.00,02/01/2015 12:00:00 AM,583
Horticulture,Tomatoes,Lg Box,64,KES4455.00,02/01/2015 12:00:00 AM,584
Horticulture,Carrots,Ext Bag,138,KES3134.00,02/01/2015 12:00:00 AM,585
Horticulture,Spring Onions,Bag,142,KES1585.00,02/01/2015 12:00:00 AM,586
Horticulture,Cucumber,Bag,50,KES2568.00,02/01/2015 12:00:00 AM,587
Horticulture,Ripe Bananas,Med Bunch,14,KES615.00,02/01/2015 12:00:00 AM,588
Horticulture,Cooking Bananas,Med Bunch,22,KES527.00,02/01/2015 12:00:00 AM,589
Horticulture,Pawpaw,Lg Box,54,KES2005.00,02/01/2015 12:00:00 AM,590
Horticulture,Lemons,Bag,95,KES2452.00,02/01/2015 12:00:00 AM,591
Horticulture,Lettuce,Bag,51,KES2555.00,02/01/2015 12:00:00 AM,592
Horticulture,Onions Dry,net,13,KES840.00,02/01/2015 12:00:00 AM,593
Horticulture,Passion Fruits,Bag,57,KES4008.00,02/01/2015 12:00:00 AM,594
Horticulture,Pineapples,Dozen,13,KES751.00,02/01/2015 12:00:00 AM,595
Horticulture,Avocado,Bag,90,KES2204.00,02/01/2015 12:00:00 AM,596
Horticulture,Cauliflower,crate,39,KES2566.00,02/01/2015 12:00:00 AM,597
Horticulture,Ripe Bananas,Med Bunch,14,KES571.00,03/01/2015 12:00:00 AM,598
Horticulture,Cabbages,Ext Bag,126,KES2684.00,03/01/2015 12:00:00 AM,599
Horticulture,Pawpaw,Lg Box,54,KES1922.00,03/01/2015 12:00:00 AM,600
Horticulture,Avocado,Bag,90,KES2155.00,03/01/2015 12:00:00 AM,601
Horticulture,Carrots,Ext Bag,138,KES3634.00,03/01/2015 12:00:00 AM,602
Horticulture,Chillies,Bag,38,KES3019.00,03/01/2015 12:00:00 AM,603
Horticulture,Onions Dry,net,13,KES975.00,03/01/2015 12:00:00 AM,604
Horticulture,Mangoes Local,Bag,126,KES2525.00,03/01/2015 12:00:00 AM,605
Horticulture,Brinjals,Bag,44,KES2072.00,03/01/2015 12:00:00 AM,606
Horticulture,Cauliflower,crate,39,KES2913.00,03/01/2015 12:00:00 AM,607
Horticulture,Oranges,Bag,93,KES3357.00,03/01/2015 12:00:00 AM,608
Horticulture,Kales,Bag,50,KES2359.00,03/01/2015 12:00:00 AM,609
Horticulture,Mangoes Ngowe,Sm Basket,25,KES1055.00,03/01/2015 12:00:00 AM,610
Horticulture,Limes,net,13,KES757.00,03/01/2015 12:00:00 AM,611
Horticulture,Passion Fruits,Bag,57,KES4137.00,03/01/2015 12:00:00 AM,612
Horticulture,Tomatoes,Lg Box,64,KES4504.00,03/01/2015 12:00:00 AM,613
Horticulture,Spring Onions,Bag,142,KES1792.00,03/01/2015 12:00:00 AM,614
Horticulture,Capsicums,Bag,50,KES3009.00,03/01/2015 12:00:00 AM,615
Horticulture,Lemons,Bag,95,KES2443.00,03/01/2015 12:00:00 AM,616
Horticulture,Cooking Bananas,Med Bunch,22,KES553.00,03/01/2015 12:00:00 AM,617
Horticulture,Lettuce,Bag,51,KES2585.00,03/01/2015 12:00:00 AM,618
Horticulture,Pineapples,Dozen,13,KES756.00,03/01/2015 12:00:00 AM,619
Horticulture,Cucumber,Bag,50,KES2384.00,03/01/2015 12:00:00 AM,620
Horticulture,Cabbages,Ext Bag,126,KES2967.00,04/01/2015 12:00:00 AM,621
Horticulture,Pineapples,Dozen,13,KES782.00,04/01/2015 12:00:00 AM,622
Horticulture,Spring Onions,Bag,142,KES2059.00,04/01/2015 12:00:00 AM,623
Horticulture,Cauliflower,crate,39,KES3375.00,04/01/2015 12:00:00 AM,624
Horticulture,Cooking Bananas,Med Bunch,22,KES550.00,04/01/2015 12:00:00 AM,625
Horticulture,Avocado,Bag,90,KES2210.00,04/01/2015 12:00:00 AM,626
Horticulture,Mangoes Ngowe,Sm Basket,25,KES1106.00,04/01/2015 12:00:00 AM,627
Horticulture,Capsicums,Bag,50,KES2508.00,04/01/2015 12:00:00 AM,628
Horticulture,Cucumber,Bag,50,KES2145.00,04/01/2015 12:00:00 AM,629
Horticulture,Kales,Bag,50,KES2006.00,04/01/2015 12:00:00 AM,630
Horticulture,Chillies,Bag,38,KES2968.00,04/01/2015 12:00:00 AM,631
Horticulture,Carrots,Ext Bag,138,KES4497.00,04/01/2015 12:00:00 AM,632
Horticulture,Pawpaw,Lg Box,54,KES1829.00,04/01/2015 12:00:00 AM,633
Horticulture,Onions Dry,net,13,KES1074.00,04/01/2015 12:00:00 AM,634
Horticulture,Ripe Bananas,Med Bunch,14,KES535.00,04/01/2015 12:00:00 AM,635
Horticulture,Tomatoes,Lg Box,64,KES5277.00,04/01/2015 12:00:00 AM,636
Horticulture,Passion Fruits,Bag,57,KES4365.00,04/01/2015 12:00:00 AM,637
Horticulture,Mangoes Local,Bag,126,KES2407.00,04/01/2015 12:00:00 AM,638
Horticulture,Lettuce,Bag,51,KES3124.00,04/01/2015 12:00:00 AM,639
Horticulture,Brinjals,Bag,44,KES1803.00,04/01/2015 12:00:00 AM,640
Horticulture,Limes,net,13,KES986.00,04/01/2015 12:00:00 AM,641
Horticulture,Oranges,Bag,93,KES3216.00,04/01/2015 12:00:00 AM,642
Horticulture,Lemons,Bag,95,KES2611.00,04/01/2015 12:00:00 AM,643
Horticulture,Cauliflower,crate,39,KES3338.00,05/01/2015 12:00:00 AM,644
Horticulture,Kales,Bag,50,KES1229.00,05/01/2015 12:00:00 AM,645
Horticulture,Lettuce,Bag,51,KES2964.00,05/01/2015 12:00:00 AM,646
Horticulture,Ripe Bananas,Med Bunch,14,KES550.00,05/01/2015 12:00:00 AM,647
Horticulture,Passion Fruits,Bag,57,KES4492.00,05/01/2015 12:00:00 AM,648
Horticulture,Pawpaw,Lg Box,54,KES1683.00,05/01/2015 12:00:00 AM,649
Horticulture,Mangoes Ngowe,Sm Basket,25,KES930.00,05/01/2015 12:00:00 AM,650
Horticulture,Mangoes Local,Bag,126,KES2315.00,05/01/2015 12:00:00 AM,651
Horticulture,Oranges,Bag,93,KES3261.00,05/01/2015 12:00:00 AM,652
Horticulture,Capsicums,Bag,50,KES2072.00,05/01/2015 12:00:00 AM,653
Horticulture,Cucumber,Bag,50,KES2031.00,05/01/2015 12:00:00 AM,654
Horticulture,Lemons,Bag,95,KES2573.00,05/01/2015 12:00:00 AM,655
Horticulture,Pineapples,Dozen,13,KES801.00,05/01/2015 12:00:00 AM,656
Horticulture,Brinjals,Bag,44,KES1656.00,05/01/2015 12:00:00 AM,657
Horticulture,Spring Onions,Bag,142,KES1850.00,05/01/2015 12:00:00 AM,658
Horticulture,Cabbages,Ext Bag,126,KES2643.00,05/01/2015 12:00:00 AM,659
Horticulture,Cooking Bananas,Med Bunch,22,KES612.00,05/01/2015 12:00:00 AM,660
Horticulture,Tomatoes,Lg Box,64,KES5664.00,05/01/2015 12:00:00 AM,661
Horticulture,Onions Dry,net,13,KES1169.00,05/01/2015 12:00:00 AM,662
Horticulture,Chillies,Bag,38,KES2131.00,05/01/2015 12:00:00 AM,663
Horticulture,Carrots,Ext Bag,138,KES4858.00,05/01/2015 12:00:00 AM,664
Horticulture,Avocado,Bag,90,KES2156.00,05/01/2015 12:00:00 AM,665
Horticulture,Limes,net,13,KES1135.00,05/01/2015 12:00:00 AM,666
Horticulture,Cauliflower,crate,39,KES2455.00,06/01/2015 12:00:00 AM,667
Horticulture,Tomatoes,Lg Box,64,KES5128.00,06/01/2015 12:00:00 AM,668
Horticulture,Limes,net,13,KES1051.00,06/01/2015 12:00:00 AM,669
Horticulture,Mangoes Local,Bag,126,KES2275.00,06/01/2015 12:00:00 AM,670
Horticulture,Chillies,Bag,38,KES2153.00,06/01/2015 12:00:00 AM,671
Horticulture,Avocado,Bag,90,KES2166.00,06/01/2015 12:00:00 AM,672
Horticulture,Ripe Bananas,Med Bunch,14,KES552.00,06/01/2015 12:00:00 AM,673
Horticulture,Capsicums,Bag,50,KES2145.00,06/01/2015 12:00:00 AM,674
Horticulture,Cooking Bananas,Med Bunch,22,KES608.00,06/01/2015 12:00:00 AM,675
Horticulture,Pineapples,Dozen,13,KES836.00,06/01/2015 12:00:00 AM,676
Horticulture,Carrots,Ext Bag,138,KES5715.00,06/01/2015 12:00:00 AM,677
Horticulture,Lemons,Bag,95,KES2387.00,06/01/2015 12:00:00 AM,678
Horticulture,Mangoes Ngowe,Sm Basket,25,KES963.00,06/01/2015 12:00:00 AM,679
Horticulture,Pawpaw,Lg Box,54,KES1688.00,06/01/2015 12:00:00 AM,680
Horticulture,Passion Fruits,Bag,57,KES4675.00,06/01/2015 12:00:00 AM,681
Horticulture,Cabbages,Ext Bag,126,KES2179.00,06/01/2015 12:00:00 AM,682
Horticulture,Oranges,Bag,93,KES3193.00,06/01/2015 12:00:00 AM,683
Horticulture,Cucumber,Bag,50,KES1624.00,06/01/2015 12:00:00 AM,684
Horticulture,Lettuce,Bag,51,KES2110.00,06/01/2015 12:00:00 AM,685
Horticulture,Brinjals,Bag,44,KES1498.00,06/01/2015 12:00:00 AM,686
Horticulture,Onions Dry,net,13,KES1259.00,06/01/2015 12:00:00 AM,687
Horticulture,Spring Onions,Bag,142,KES1798.00,06/01/2015 12:00:00 AM,688
Horticulture,Kales,Bag,50,KES1197.00,06/01/2015 12:00:00 AM,689
Horticulture,Brinjals,Bag,44,KES1511.00,07/01/2015 12:00:00 AM,690
Horticulture,Passion Fruits,Bag,57,KES4582.00,07/01/2015 12:00:00 AM,691
Horticulture,Cauliflower,crate,39,KES2902.00,07/01/2015 12:00:00 AM,692
Horticulture,Spring Onions,Bag,142,KES1797.00,07/01/2015 12:00:00 AM,693
Horticulture,Mangoes Local,Bag,126,KES2185.00,07/01/2015 12:00:00 AM,694
Horticulture,Ripe Bananas,Med Bunch,14,KES529.00,07/01/2015 12:00:00 AM,695
Horticulture,Cooking Bananas,Med Bunch,22,KES589.00,07/01/2015 12:00:00 AM,696
Horticulture,Cucumber,Bag,50,KES2159.00,07/01/2015 12:00:00 AM,697
Horticulture,Capsicums,Bag,50,KES2283.00,07/01/2015 12:00:00 AM,698
Horticulture,Limes,net,13,KES959.00,07/01/2015 12:00:00 AM,699
Horticulture,Chillies,Bag,38,KES1955.00,07/01/2015 12:00:00 AM,700
Horticulture,Cabbages,Ext Bag,126,KES1610.00,07/01/2015 12:00:00 AM,701
Horticulture,Kales,Bag,50,KES1175.00,07/01/2015 12:00:00 AM,702
Horticulture,Onions Dry,net,13,KES1032.00,07/01/2015 12:00:00 AM,703
Horticulture,Avocado,Bag,90,KES2070.00,07/01/2015 12:00:00 AM,704
Horticulture,Mangoes Ngowe,Sm Basket,25,KES992.00,07/01/2015 12:00:00 AM,705
Horticulture,Pawpaw,Lg Box,54,KES1823.00,07/01/2015 12:00:00 AM,706
Horticulture,Tomatoes,Lg Box,64,KES3969.00,07/01/2015 12:00:00 AM,707
Horticulture,Oranges,Bag,93,KES3348.00,07/01/2015 12:00:00 AM,708
Horticulture,Carrots,Ext Bag,138,KES4490.00,07/01/2015 12:00:00 AM,709
Horticulture,Lettuce,Bag,51,KES2476.00,07/01/2015 12:00:00 AM,710
Horticulture,Pineapples,Dozen,13,KES757.00,07/01/2015 12:00:00 AM,711
Horticulture,Lemons,Bag,95,KES2455.00,07/01/2015 12:00:00 AM,712
Cereals,Dry Maize,Bag,90,KES2832.00,01/01/2013 12:00:00 AM,713
Cereals,Green Maize,Ext Bag,115,KES2471.00,01/01/2013 12:00:00 AM,714
Cereals,Finger Millet,Bag,90,KES6012.00,01/01/2013 12:00:00 AM,715
Cereals,Sorghum,Bag,90,KES3306.00,01/01/2013 12:00:00 AM,716
Cereals,Wheat,Bag,90,KES4058.00,01/01/2013 12:00:00 AM,717
Legumes,Beans Canadian,Bag,90,KES5729.00,01/01/2013 12:00:00 AM,718
Legumes,Beans Rosecoco,Bag,90,KES5498.00,01/01/2013 12:00:00 AM,719
Legumes,Beans Mwitemania,Bag,90,KES5132.00,01/01/2013 12:00:00 AM,720
Legumes,Mwezi Moja,Bag,90,KES5512.00,01/01/2013 12:00:00 AM,721
Legumes,Dolichos (Njahi),Bag,90,KES7383.00,01/01/2013 12:00:00 AM,722
Legumes,Green Gram,Bag,90,KES6784.00,01/01/2013 12:00:00 AM,723
Legumes,Cowpeas,Bag,90,KES5053.00,01/01/2013 12:00:00 AM,724
Legumes,Fresh Peas,Bag,51,KES2817.00,01/01/2013 12:00:00 AM,725
Legumes,Groundnuts,Bag,110,KES10679.00,01/01/2013 12:00:00 AM,726
Roots & Tubers,Red Irish Potatoes,Bag,110,KES2969.00,01/01/2013 12:00:00 AM,727
Roots & Tubers,White Irish Potatoes,Bag,110,KES3007.00,01/01/2013 12:00:00 AM,728
Roots & Tubers,Cassava Fresh,Bag,99,KES1735.00,01/01/2013 12:00:00 AM,729
Roots & Tubers,Sweet Potatoes,Bag,98,KES2526.00,01/01/2013 12:00:00 AM,730
Cereals,Dry Maize,Bag,90,KES2857.00,02/01/2013 12:00:00 AM,731
Cereals,Green Maize,Ext Bag,115,KES2963.00,02/01/2013 12:00:00 AM,732
Cereals,Finger Millet,Bag,90,KES6213.00,02/01/2013 12:00:00 AM,733
Cereals,Sorghum,Bag,90,KES3626.00,02/01/2013 12:00:00 AM,734
Cereals,Wheat,Bag,90,KES4071.00,02/01/2013 12:00:00 AM,735
Legumes,Beans Canadian,Bag,90,KES5643.00,02/01/2013 12:00:00 AM,736
Legumes,Beans Rosecoco,Bag,90,KES5390.00,02/01/2013 12:00:00 AM,737
Legumes,Beans Mwitemania,Bag,90,KES5226.00,02/01/2013 12:00:00 AM,738
Legumes,Mwezi Moja,Bag,90,KES5261.00,02/01/2013 12:00:00 AM,739
Legumes,Dolichos (Njahi),Bag,90,KES7875.00,02/01/2013 12:00:00 AM,740
Legumes,Green Gram,Bag,90,KES7340.00,02/01/2013 12:00:00 AM,741
Legumes,Cowpeas,Bag,90,KES5101.00,02/01/2013 12:00:00 AM,742
Legumes,Fresh Peas,Bag,51,KES3422.00,02/01/2013 12:00:00 AM,743
Legumes,Groundnuts,Bag,110,KES10326.00,02/01/2013 12:00:00 AM,744
Roots & Tubers,Red Irish Potatoes,Bag,110,KES3143.00,02/01/2013 12:00:00 AM,745
Roots & Tubers,White Irish Potatoes,Bag,110,KES2892.00,02/01/2013 12:00:00 AM,746
Roots & Tubers,Cassava Fresh,Bag,99,KES1685.00,02/01/2013 12:00:00 AM,747
Roots & Tubers,Sweet Potatoes,Bag,98,KES3140.00,02/01/2013 12:00:00 AM,748
Cereals,Dry Maize,Bag,90,KES2880.00,03/01/2013 12:00:00 AM,749
Cereals,Green Maize,Ext Bag,115,KES2840.00,03/01/2013 12:00:00 AM,750
Cereals,Finger Millet,Bag,90,KES5890.00,03/01/2013 12:00:00 AM,751
Cereals,Sorghum,Bag,90,KES3605.00,03/01/2013 12:00:00 AM,752
Cereals,Wheat,Bag,90,KES3911.00,03/01/2013 12:00:00 AM,753
Legumes,Beans Canadian,Bag,90,KES5475.00,03/01/2013 12:00:00 AM,754
Legumes,Beans Rosecoco,Bag,90,KES5712.00,03/01/2013 12:00:00 AM,755
Legumes,Beans Mwitemania,Bag,90,KES5241.00,03/01/2013 12:00:00 AM,756
Legumes,Mwezi Moja,Bag,90,KES5529.00,03/01/2013 12:00:00 AM,757
Legumes,Dolichos (Njahi),Bag,90,KES7473.00,03/01/2013 12:00:00 AM,758
Legumes,Green Gram,Bag,90,KES7352.00,03/01/2013 12:00:00 AM,759
Legumes,Cowpeas,Bag,90,KES6005.00,03/01/2013 12:00:00 AM,760
Legumes,Fresh Peas,Bag,51,KES2908.00,03/01/2013 12:00:00 AM,761
Legumes,Groundnuts,Bag,110,KES10938.00,03/01/2013 12:00:00 AM,762
Roots & Tubers,Red Irish Potatoes,Bag,110,KES2987.00,03/01/2013 12:00:00 AM,763
Roots & Tubers,White Irish Potatoes,Bag,110,KES2854.00,03/01/2013 12:00:00 AM,764
Roots & Tubers,Cassava Fresh,Bag,99,KES1941.00,03/01/2013 12:00:00 AM,765
Roots & Tubers,Sweet Potatoes,Bag,98,KES2645.00,03/01/2013 12:00:00 AM,766
Cereals,Dry Maize,Bag,90,KES2837.00,04/01/2013 12:00:00 AM,767
Cereals,Green Maize,Ext Bag,115,KES3006.00,04/01/2013 12:00:00 AM,768
Cereals,Finger Millet,Bag,90,KES5929.00,04/01/2013 12:00:00 AM,769
Cereals,Sorghum,Bag,90,KES3554.00,04/01/2013 12:00:00 AM,770
Cereals,Wheat,Bag,90,KES4024.00,04/01/2013 12:00:00 AM,771
Legumes,Beans Canadian,Bag,90,KES5822.00,04/01/2013 12:00:00 AM,772
Legumes,Beans Rosecoco,Bag,90,KES6202.00,04/01/2013 12:00:00 AM,773
Legumes,Beans Mwitemania,Bag,90,KES5602.00,04/01/2013 12:00:00 AM,774
Legumes,Mwezi Moja,Bag,90,KES5774.00,04/01/2013 12:00:00 AM,775
Legumes,Dolichos (Njahi),Bag,90,KES7780.00,04/01/2013 12:00:00 AM,776
Legumes,Green Gram,Bag,90,KES7819.00,04/01/2013 12:00:00 AM,777
Legumes,Cowpeas,Bag,90,KES5352.00,04/01/2013 12:00:00 AM,778
Legumes,Fresh Peas,Bag,51,KES2852.00,04/01/2013 12:00:00 AM,779
Legumes,Groundnuts,Bag,110,KES12269.00,04/01/2013 12:00:00 AM,780
Roots & Tubers,Red Irish Potatoes,Bag,110,KES2671.00,04/01/2013 12:00:00 AM,781
Roots & Tubers,White Irish Potatoes,Bag,110,KES2653.00,04/01/2013 12:00:00 AM,782
Roots & Tubers,Cassava Fresh,Bag,99,KES2102.00,04/01/2013 12:00:00 AM,783
Roots & Tubers,Sweet Potatoes,Bag,98,KES2728.00,04/01/2013 12:00:00 AM,784
Cereals,Dry Maize,Bag,90,KES2838.00,05/01/2013 12:00:00 AM,785
Cereals,Green Maize,Ext Bag,115,KES3847.00,05/01/2013 12:00:00 AM,786
Cereals,Finger Millet,Bag,90,KES6321.00,05/01/2013 12:00:00 AM,787
Cereals,Sorghum,Bag,90,KES3694.00,05/01/2013 12:00:00 AM,788
Cereals,Wheat,Bag,90,KES4365.00,05/01/2013 12:00:00 AM,789
Legumes,Beans Canadian,Bag,90,KES6046.00,05/01/2013 12:00:00 AM,790
Legumes,Beans Rosecoco,Bag,90,KES6108.00,05/01/2013 12:00:00 AM,791
Legumes,Beans Mwitemania,Bag,90,KES5846.00,05/01/2013 12:00:00 AM,792
Legumes,Mwezi Moja,Bag,90,KES6432.00,05/01/2013 12:00:00 AM,793
Legumes,Dolichos (Njahi),Bag,90,KES7892.00,05/01/2013 12:00:00 AM,794
Legumes,Green Gram,Bag,90,KES7514.00,05/01/2013 12:00:00 AM,795
Legumes,Cowpeas,Bag,90,KES5755.00,05/01/2013 12:00:00 AM,796
Legumes,Fresh Peas,Bag,51,KES4343.00,05/01/2013 12:00:00 AM,797
Legumes,Groundnuts,Bag,110,KES12019.00,05/01/2013 12:00:00 AM,798
Roots & Tubers,Red Irish Potatoes,Bag,110,KES3240.00,05/01/2013 12:00:00 AM,799
Roots & Tubers,White Irish Potatoes,Bag,110,KES3065.00,05/01/2013 12:00:00 AM,800
Roots & Tubers,Cassava Fresh,Bag,99,KES2350.00,05/01/2013 12:00:00 AM,801
Roots & Tubers,Sweet Potatoes,Bag,98,KES3185.00,05/01/2013 12:00:00 AM,802
Cereals,Dry Maize,Bag,90,KES2747.00,06/01/2013 12:00:00 AM,803
Cereals,Green Maize,Ext Bag,115,KES3229.00,06/01/2013 12:00:00 AM,804
Cereals,Finger Millet,Bag,90,KES6182.00,06/01/2013 12:00:00 AM,805
Cereals,Sorghum,Bag,90,KES3507.00,06/01/2013 12:00:00 AM,806
Cereals,Wheat,Bag,90,KES4540.00,06/01/2013 12:00:00 AM,807
Legumes,Beans Canadian,Bag,90,KES5858.00,06/01/2013 12:00:00 AM,808
Legumes,Beans Rosecoco,Bag,90,KES5668.00,06/01/2013 12:00:00 AM,809
Legumes,Beans Mwitemania,Bag,90,KES5205.00,06/01/2013 12:00:00 AM,810
Legumes,Mwezi Moja,Bag,90,KES6060.00,06/01/2013 12:00:00 AM,811
Legumes,Dolichos (Njahi),Bag,90,KES7908.00,06/01/2013 12:00:00 AM,812
Legumes,Green Gram,Bag,90,KES7181.00,06/01/2013 12:00:00 AM,813
Legumes,Cowpeas,Bag,90,KES5721.00,06/01/2013 12:00:00 AM,814
Legumes,Fresh Peas,Bag,51,KES3163.00,06/01/2013 12:00:00 AM,815
Legumes,Groundnuts,Bag,110,KES12112.00,06/01/2013 12:00:00 AM,816
Roots & Tubers,Red Irish Potatoes,Bag,110,KES3275.00,06/01/2013 12:00:00 AM,817
Roots & Tubers,White Irish Potatoes,Bag,110,KES3206.00,06/01/2013 12:00:00 AM,818
Roots & Tubers,Cassava Fresh,Bag,99,KES1938.00,06/01/2013 12:00:00 AM,819
Roots & Tubers,Sweet Potatoes,Bag,98,KES3259.00,06/01/2013 12:00:00 AM,820
Cereals,Dry Maize,Bag,90,KES2722.00,07/01/2013 12:00:00 AM,821
Cereals,Green Maize,Ext Bag,115,KES2924.00,07/01/2013 12:00:00 AM,822
Cereals,Finger Millet,Bag,90,KES5795.00,07/01/2013 12:00:00 AM,823
Cereals,Sorghum,Bag,90,KES3363.00,07/01/2013 12:00:00 AM,824
Cereals,Wheat,Bag,90,KES4293.00,07/01/2013 12:00:00 AM,825
Legumes,Beans Canadian,Bag,90,KES5459.00,07/01/2013 12:00:00 AM,826
Legumes,Beans Rosecoco,Bag,90,KES5489.00,07/01/2013 12:00:00 AM,827
Legumes,Beans Mwitemania,Bag,90,KES4997.00,07/01/2013 12:00:00 AM,828
Legumes,Mwezi Moja,Bag,90,KES5285.00,07/01/2013 12:00:00 AM,829
Legumes,Dolichos (Njahi),Bag,90,KES7576.00,07/01/2013 12:00:00 AM,830
Legumes,Green Gram,Bag,90,KES6948.00,07/01/2013 12:00:00 AM,831
Legumes,Cowpeas,Bag,90,KES5246.00,07/01/2013 12:00:00 AM,832
Legumes,Fresh Peas,Bag,51,KES2614.00,07/01/2013 12:00:00 AM,833
Legumes,Groundnuts,Bag,110,KES11216.00,07/01/2013 12:00:00 AM,834
Roots & Tubers,Red Irish Potatoes,Bag,110,KES2940.00,07/01/2013 12:00:00 AM,835
Roots & Tubers,White Irish Potatoes,Bag,110,KES2916.00,07/01/2013 12:00:00 AM,836
Roots & Tubers,Cassava Fresh,Bag,99,KES2004.00,07/01/2013 12:00:00 AM,837
Roots & Tubers,Sweet Potatoes,Bag,98,KES2957.00,07/01/2013 12:00:00 AM,838
Cereals,Dry Maize,Bag,90,KES2703.00,08/01/2013 12:00:00 AM,839
Cereals,Green Maize,Ext Bag,115,KES2475.00,08/01/2013 12:00:00 AM,840
Cereals,Finger Millet,Bag,90,KES5767.00,08/01/2013 12:00:00 AM,841
Cereals,Sorghum,Bag,90,KES3533.00,08/01/2013 12:00:00 AM,842
Cereals,Wheat,Bag,90,KES4084.00,08/01/2013 12:00:00 AM,843
Legumes,Beans Canadian,Bag,90,KES5434.00,08/01/2013 12:00:00 AM,844
Legumes,Beans Rosecoco,Bag,90,KES5701.00,08/01/2013 12:00:00 AM,845
Legumes,Beans Mwitemania,Bag,90,KES4972.00,08/01/2013 12:00:00 AM,846
Legumes,Mwezi Moja,Bag,90,KES5086.00,08/01/2013 12:00:00 AM,847
Legumes,Dolichos (Njahi),Bag,90,KES7580.00,08/01/2013 12:00:00 AM,848
Legumes,Green Gram,Bag,90,KES6925.00,08/01/2013 12:00:00 AM,849
Legumes,Cowpeas,Bag,90,KES5026.00,08/01/2013 12:00:00 AM,850
Legumes,Fresh Peas,Bag,51,KES2539.00,08/01/2013 12:00:00 AM,851
Legumes,Groundnuts,Bag,110,KES10877.00,08/01/2013 12:00:00 AM,852
Roots & Tubers,Red Irish Potatoes,Bag,110,KES2950.00,08/01/2013 12:00:00 AM,853
Roots & Tubers,White Irish Potatoes,Bag,110,KES2927.00,08/01/2013 12:00:00 AM,854
Roots & Tubers,Cassava Fresh,Bag,99,KES1956.00,08/01/2013 12:00:00 AM,855
Roots & Tubers,Sweet Potatoes,Bag,98,KES2604.00,08/01/2013 12:00:00 AM,856
Cereals,Dry Maize,Bag,90,KES2829.00,09/01/2013 12:00:00 AM,857
Cereals,Green Maize,Ext Bag,115,KES2630.00,09/01/2013 12:00:00 AM,858
Cereals,Finger Millet,Bag,90,KES5820.00,09/01/2013 12:00:00 AM,859
Cereals,Sorghum,Bag,90,KES3471.00,09/01/2013 12:00:00 AM,860
Cereals,Wheat,Bag,90,KES4024.00,09/01/2013 12:00:00 AM,861
Legumes,Beans Canadian,Bag,90,KES5547.00,09/01/2013 12:00:00 AM,862
Legumes,Beans Rosecoco,Bag,90,KES5973.00,09/01/2013 12:00:00 AM,863
Legumes,Beans Mwitemania,Bag,90,KES5220.00,09/01/2013 12:00:00 AM,864
Legumes,Mwezi Moja,Bag,90,KES5480.00,09/01/2013 12:00:00 AM,865
Legumes,Dolichos (Njahi),Bag,90,KES7323.00,09/01/2013 12:00:00 AM,866
Legumes,Green Gram,Bag,90,KES7160.00,09/01/2013 12:00:00 AM,867
Legumes,Cowpeas,Bag,90,KES5227.00,09/01/2013 12:00:00 AM,868
Legumes,Fresh Peas,Bag,51,KES2856.00,09/01/2013 12:00:00 AM,869
Legumes,Groundnuts,Bag,110,KES11481.00,09/01/2013 12:00:00 AM,870
Roots & Tubers,Red Irish Potatoes,Bag,110,KES3045.00,09/01/2013 12:00:00 AM,871
Roots & Tubers,White Irish Potatoes,Bag,110,KES3014.00,09/01/2013 12:00:00 AM,872
Roots & Tubers,Cassava Fresh,Bag,99,KES2175.00,09/01/2013 12:00:00 AM,873
Roots & Tubers,Sweet Potatoes,Bag,98,KES2655.00,09/01/2013 12:00:00 AM,874
Cereals,Dry Maize,Bag,90,KES2943.00,10/01/2013 12:00:00 AM,875
Cereals,Green Maize,Ext Bag,115,KES2451.00,10/01/2013 12:00:00 AM,876
Cereals,Finger Millet,Bag,90,KES6032.00,10/01/2013 12:00:00 AM,877
Cereals,Sorghum,Bag,90,KES3629.00,10/01/2013 12:00:00 AM,878
Cereals,Wheat,Bag,90,KES3524.00,10/01/2013 12:00:00 AM,879
Legumes,Beans Canadian,Bag,90,KES5984.00,10/01/2013 12:00:00 AM,880
Legumes,Beans Rosecoco,Bag,90,KES5943.00,10/01/2013 12:00:00 AM,881
Legumes,Beans Mwitemania,Bag,90,KES5366.00,10/01/2013 12:00:00 AM,882
Legumes,Mwezi Moja,Bag,90,KES5869.00,10/01/2013 12:00:00 AM,883
Legumes,Dolichos (Njahi),Bag,90,KES7079.00,10/01/2013 12:00:00 AM,884
Legumes,Green Gram,Bag,90,KES7461.00,10/01/2013 12:00:00 AM,885
Legumes,Cowpeas,Bag,90,KES5322.00,10/01/2013 12:00:00 AM,886
Legumes,Fresh Peas,Bag,51,KES2537.00,10/01/2013 12:00:00 AM,887
Legumes,Groundnuts,Bag,110,KES11555.00,10/01/2013 12:00:00 AM,888
Roots & Tubers,Red Irish Potatoes,Bag,110,KES3124.00,10/01/2013 12:00:00 AM,889
Roots & Tubers,White Irish Potatoes,Bag,110,KES3014.00,10/01/2013 12:00:00 AM,890
Roots & Tubers,Cassava Fresh,Bag,99,KES1896.00,10/01/2013 12:00:00 AM,891
Roots & Tubers,Sweet Potatoes,Bag,98,KES2746.00,10/01/2013 12:00:00 AM,892
Cereals,Dry Maize,Bag,90,KES3033.00,11/01/2013 12:00:00 AM,893
Cereals,Green Maize,Ext Bag,115,KES2836.00,11/01/2013 12:00:00 AM,894
Cereals,Finger Millet,Bag,90,KES6072.00,11/01/2013 12:00:00 AM,895
Cereals,Sorghum,Bag,90,KES3780.00,11/01/2013 12:00:00 AM,896
Cereals,Wheat,Bag,90,KES3697.00,11/01/2013 12:00:00 AM,897
Legumes,Beans Canadian,Bag,90,KES6225.00,11/01/2013 12:00:00 AM,898
Legumes,Beans Rosecoco,Bag,90,KES5973.00,11/01/2013 12:00:00 AM,899
Legumes,Beans Mwitemania,Bag,90,KES5374.00,11/01/2013 12:00:00 AM,900
Legumes,Mwezi Moja,Bag,90,KES5939.00,11/01/2013 12:00:00 AM,901
Legumes,Dolichos (Njahi),Bag,90,KES7127.00,11/01/2013 12:00:00 AM,902
Legumes,Green Gram,Bag,90,KES7916.00,11/01/2013 12:00:00 AM,903
Legumes,Cowpeas,Bag,90,KES5782.00,11/01/2013 12:00:00 AM,904
Legumes,Fresh Peas,Bag,51,KES2272.00,11/01/2013 12:00:00 AM,905
Legumes,Groundnuts,Bag,110,KES11877.00,11/01/2013 12:00:00 AM,906
Roots & Tubers,Red Irish Potatoes,Bag,110,KES3326.00,11/01/2013 12:00:00 AM,907
Roots & Tubers,White Irish Potatoes,Bag,110,KES3291.00,11/01/2013 12:00:00 AM,908
Roots & Tubers,Cassava Fresh,Bag,99,KES2023.00,11/01/2013 12:00:00 AM,909
Roots & Tubers,Sweet Potatoes,Bag,98,KES2862.00,11/01/2013 12:00:00 AM,910
Cereals,Dry Maize,Bag,90,KES3037.00,12/01/2013 12:00:00 AM,911
Cereals,Green Maize,Ext Bag,115,KES3050.00,12/01/2013 12:00:00 AM,912
Cereals,Finger Millet,Bag,90,KES5823.00,12/01/2013 12:00:00 AM,913
Cereals,Sorghum,Bag,90,KES3851.00,12/01/2013 12:00:00 AM,914
Cereals,Wheat,Bag,90,KES4144.00,12/01/2013 12:00:00 AM,915
Legumes,Beans Canadian,Bag,90,KES5978.00,12/01/2013 12:00:00 AM,916
Legumes,Beans Rosecoco,Bag,90,KES5942.00,12/01/2013 12:00:00 AM,917
Legumes,Beans Mwitemania,Bag,90,KES5397.00,12/01/2013 12:00:00 AM,918
Legumes,Mwezi Moja,Bag,90,KES5813.00,12/01/2013 12:00:00 AM,919
Legumes,Dolichos (Njahi),Bag,90,KES7429.00,12/01/2013 12:00:00 AM,920
Legumes,Green Gram,Bag,90,KES7916.00,12/01/2013 12:00:00 AM,921
Legumes,Cowpeas,Bag,90,KES5702.00,12/01/2013 12:00:00 AM,922
Legumes,Fresh Peas,Bag,51,KES2762.00,12/01/2013 12:00:00 AM,923
Legumes,Groundnuts,Bag,110,KES11417.00,12/01/2013 12:00:00 AM,924
Roots & Tubers,Red Irish Potatoes,Bag,110,KES3019.00,12/01/2013 12:00:00 AM,925
Roots & Tubers,White Irish Potatoes,Bag,110,KES2967.00,12/01/2013 12:00:00 AM,926
Roots & Tubers,Cassava Fresh,Bag,99,KES2068.00,12/01/2013 12:00:00 AM,927
Roots & Tubers,Sweet Potatoes,Bag,98,KES2777.00,12/01/2013 12:00:00 AM,928
Cereals,Dry Maize,Bag,90,KES2435.00,01/01/2015 12:00:00 AM,929
Cereals,Green Maize,Ext Bag,115,KES3237.00,01/01/2015 12:00:00 AM,930
Cereals,Finger Millet,Bag,90,KES6868.00,01/01/2015 12:00:00 AM,931
Cereals,Sorghum,Bag,90,KES3756.00,01/01/2015 12:00:00 AM,932
Cereals,Wheat,Bag,90,KES3477.00,01/01/2015 12:00:00 AM,933
Legumes,Beans Canadian,Bag,90,KES6277.00,01/01/2015 12:00:00 AM,934
Legumes,Beans Rosecoco,Bag,90,KES6111.00,01/01/2015 12:00:00 AM,935
Legumes,Beans Mwitemania,Bag,90,KES5871.00,01/01/2015 12:00:00 AM,936
Legumes,Mwezi Moja,Bag,90,KES5349.00,01/01/2015 12:00:00 AM,937
Legumes,Dolichos (Njahi),Bag,90,KES7042.00,01/01/2015 12:00:00 AM,938
Legumes,Green Gram,Bag,90,KES11143.00,01/01/2015 12:00:00 AM,939
Legumes,Cowpeas,Bag,90,KES6764.00,01/01/2015 12:00:00 AM,940
Legumes,Fresh Peas,Bag,51,KES2461.00,01/01/2015 12:00:00 AM,941
Legumes,Groundnuts,Bag,110,KES11559.00,01/01/2015 12:00:00 AM,942
Roots & Tubers,Red Irish Potatoes,Bag,110,KES2490.00,01/01/2015 12:00:00 AM,943
Roots & Tubers,White Irish Potatoes,Bag,110,KES2515.00,01/01/2015 12:00:00 AM,944
Roots & Tubers,Cassava Fresh,Bag,99,KES1753.00,01/01/2015 12:00:00 AM,945
Roots & Tubers,Sweet Potatoes,Bag,98,KES2677.00,01/01/2015 12:00:00 AM,946
Cereals,Dry Maize,Bag,90,KES2417.00,02/01/2015 12:00:00 AM,947
Cereals,Green Maize,Ext Bag,115,KES2653.00,02/01/2015 12:00:00 AM,948
Cereals,Finger Millet,Bag,90,KES6906.00,02/01/2015 12:00:00 AM,949
Cereals,Sorghum,Bag,90,KES4202.00,02/01/2015 12:00:00 AM,950
Cereals,Wheat,Bag,90,KES3662.00,02/01/2015 12:00:00 AM,951
Legumes,Beans Canadian,Bag,90,KES6151.00,02/01/2015 12:00:00 AM,952
Legumes,Beans Rosecoco,Bag,90,KES6484.00,02/01/2015 12:00:00 AM,953
Legumes,Beans Mwitemania,Bag,90,KES6269.00,02/01/2015 12:00:00 AM,954
Legumes,Mwezi Moja,Bag,90,KES4783.00,02/01/2015 12:00:00 AM,955
Legumes,Dolichos (Njahi),Bag,90,KES8023.00,02/01/2015 12:00:00 AM,956
Legumes,Green Gram,Bag,90,KES11535.00,02/01/2015 12:00:00 AM,957
Legumes,Cowpeas,Bag,90,KES7208.00,02/01/2015 12:00:00 AM,958
Legumes,Fresh Peas,Bag,51,KES2511.00,02/01/2015 12:00:00 AM,959
Legumes,Groundnuts,Bag,110,KES11926.00,02/01/2015 12:00:00 AM,960
Roots & Tubers,Red Irish Potatoes,Bag,110,KES2761.00,02/01/2015 12:00:00 AM,961
Roots & Tubers,White Irish Potatoes,Bag,110,KES2690.00,02/01/2015 12:00:00 AM,962
Roots & Tubers,Cassava Fresh,Bag,99,KES1893.00,02/01/2015 12:00:00 AM,963
Roots & Tubers,Sweet Potatoes,Bag,98,KES2541.00,02/01/2015 12:00:00 AM,964
Cereals,Dry Maize,Bag,90,KES2473.00,03/01/2015 12:00:00 AM,965
Cereals,Green Maize,Ext Bag,115,KES2795.00,03/01/2015 12:00:00 AM,966
Cereals,Finger Millet,Bag,90,KES6916.00,03/01/2015 12:00:00 AM,967
Cereals,Sorghum,Bag,90,KES4183.00,03/01/2015 12:00:00 AM,968
Cereals,Wheat,Bag,90,KES3739.00,03/01/2015 12:00:00 AM,969
Legumes,Beans Canadian,Bag,90,KES6525.00,03/01/2015 12:00:00 AM,970
Legumes,Beans Rosecoco,Bag,90,KES6850.00,03/01/2015 12:00:00 AM,971
Legumes,Beans Mwitemania,Bag,90,KES6321.00,03/01/2015 12:00:00 AM,972
Legumes,Mwezi Moja,Bag,90,KES5382.00,03/01/2015 12:00:00 AM,973
Legumes,Dolichos (Njahi),Bag,90,KES8228.00,03/01/2015 12:00:00 AM,974
Legumes,Green Gram,Bag,90,KES11315.00,03/01/2015 12:00:00 AM,975
Legumes,Cowpeas,Bag,90,KES7436.00,03/01/2015 12:00:00 AM,976
Legumes,Fresh Peas,Bag,51,KES3015.00,03/01/2015 12:00:00 AM,977
Legumes,Groundnuts,Bag,110,,03/01/2015 12:00:00 AM,978
Roots & Tubers,Red Irish Potatoes,Bag,110,KES2686.00,03/01/2015 12:00:00 AM,979
Roots & Tubers,White Irish Potatoes,Bag,110,KES2556.00,03/01/2015 12:00:00 AM,980
Roots & Tubers,Cassava Fresh,Bag,99,KES1940.00,03/01/2015 12:00:00 AM,981
Roots & Tubers,Sweet Potatoes,Bag,98,KES2687.00,03/01/2015 12:00:00 AM,982
Cereals,Dry Maize,Bag,90,KES2796.00,04/01/2015 12:00:00 AM,983
Cereals,Green Maize,Ext Bag,115,KES3567.00,04/01/2015 12:00:00 AM,984
Cereals,Finger Millet,Bag,90,KES7149.00,04/01/2015 12:00:00 AM,985
Cereals,Sorghum,Bag,90,KES3816.00,04/01/2015 12:00:00 AM,986
Cereals,Wheat,Bag,90,KES3628.00,04/01/2015 12:00:00 AM,987
Legumes,Beans Canadian,Bag,90,KES7148.00,04/01/2015 12:00:00 AM,988
Legumes,Beans Rosecoco,Bag,90,KES7124.00,04/01/2015 12:00:00 AM,989
Legumes,Beans Mwitemania,Bag,90,KES6402.00,04/01/2015 12:00:00 AM,990
Legumes,Mwezi Moja,Bag,90,KES5798.00,04/01/2015 12:00:00 AM,991
Legumes,Dolichos (Njahi),Bag,90,KES9182.00,04/01/2015 12:00:00 AM,992
Legumes,Green Gram,Bag,90,KES11454.00,04/01/2015 12:00:00 AM,993
Legumes,Cowpeas,Bag,90,KES6983.00,04/01/2015 12:00:00 AM,994
Legumes,Fresh Peas,Bag,51,KES3842.00,04/01/2015 12:00:00 AM,995
Legumes,Groundnuts,Bag,110,,04/01/2015 12:00:00 AM,996
Roots & Tubers,Red Irish Potatoes,Bag,110,KES3502.00,04/01/2015 12:00:00 AM,997
Roots & Tubers,White Irish Potatoes,Bag,110,KES3511.00,04/01/2015 12:00:00 AM,998
Roots & Tubers,Cassava Fresh,Bag,99,KES1941.00,04/01/2015 12:00:00 AM,999
Roots & Tubers,Sweet Potatoes,Bag,98,KES2819.00,04/01/2015 12:00:00 AM,1000
Cereals,Dry Maize,Bag,90,KES2925.00,05/01/2015 12:00:00 AM,1001
Cereals,Green Maize,Ext Bag,115,KES3872.00,05/01/2015 12:00:00 AM,1002
Cereals,Finger Millet,Bag,90,KES7216.00,05/01/2015 12:00:00 AM,1003
Cereals,Sorghum,Bag,90,KES3877.00,05/01/2015 12:00:00 AM,1004
Cereals,Wheat,Bag,90,KES3653.00,05/01/2015 12:00:00 AM,1005
Legumes,Beans Canadian,Bag,90,KES7453.00,05/01/2015 12:00:00 AM,1006
Legumes,Beans Rosecoco,Bag,90,KES7522.00,05/01/2015 12:00:00 AM,1007
Legumes,Beans Mwitemania,Bag,90,KES6903.00,05/01/2015 12:00:00 AM,1008
Legumes,Mwezi Moja,Bag,90,KES6426.00,05/01/2015 12:00:00 AM,1009
Legumes,Dolichos (Njahi),Bag,90,KES10486.00,05/01/2015 12:00:00 AM,1010
Legumes,Green Gram,Bag,90,KES11905.00,05/01/2015 12:00:00 AM,1011
Legumes,Cowpeas,Bag,90,KES7509.00,05/01/2015 12:00:00 AM,1012
Legumes,Fresh Peas,Bag,51,KES3924.00,05/01/2015 12:00:00 AM,1013
Legumes,Groundnuts,Bag,110,KES12802.00,05/01/2015 12:00:00 AM,1014
Roots & Tubers,Red Irish Potatoes,Bag,110,KES3812.00,05/01/2015 12:00:00 AM,1015
Roots & Tubers,White Irish Potatoes,Bag,110,KES3935.00,05/01/2015 12:00:00 AM,1016
Roots & Tubers,Cassava Fresh,Bag,99,KES1883.00,05/01/2015 12:00:00 AM,1017
Roots & Tubers,Sweet Potatoes,Bag,98,KES2928.00,05/01/2015 12:00:00 AM,1018
Cereals,Dry Maize,Bag,90,KES2883.00,06/01/2015 12:00:00 AM,1019
Cereals,Green Maize,Ext Bag,115,KES3466.00,06/01/2015 12:00:00 AM,1020
Cereals,Finger Millet,Bag,90,KES7155.00,06/01/2015 12:00:00 AM,1021
Cereals,Sorghum,Bag,90,KES3845.00,06/01/2015 12:00:00 AM,1022
Cereals,Wheat,Bag,90,KES3747.00,06/01/2015 12:00:00 AM,1023
Legumes,Beans Canadian,Bag,90,KES7471.00,06/01/2015 12:00:00 AM,1024
Legumes,Beans Rosecoco,Bag,90,KES7186.00,06/01/2015 12:00:00 AM,1025
Legumes,Beans Mwitemania,Bag,90,KES6535.00,06/01/2015 12:00:00 AM,1026
Legumes,Mwezi Moja,Bag,90,KES7279.00,06/01/2015 12:00:00 AM,1027
Legumes,Dolichos (Njahi),Bag,90,KES9988.00,06/01/2015 12:00:00 AM,1028
Legumes,Green Gram,Bag,90,KES10722.00,06/01/2015 12:00:00 AM,1029
Legumes,Cowpeas,Bag,90,KES7315.00,06/01/2015 12:00:00 AM,1030
Legumes,Fresh Peas,Bag,51,KES3505.00,06/01/2015 12:00:00 AM,1031
Legumes,Groundnuts,Bag,110,KES12797.00,06/01/2015 12:00:00 AM,1032
Roots & Tubers,Red Irish Potatoes,Bag,110,KES2776.00,06/01/2015 12:00:00 AM,1033
Roots & Tubers,White Irish Potatoes,Bag,110,KES2978.00,06/01/2015 12:00:00 AM,1034
Roots & Tubers,Cassava Fresh,Bag,99,KES2124.00,06/01/2015 12:00:00 AM,1035
Roots & Tubers,Sweet Potatoes,Bag,98,KES2705.00,06/01/2015 12:00:00 AM,1036
Cereals,Dry Maize,Bag,90,KES2969.00,07/01/2015 12:00:00 AM,1037
Cereals,Green Maize,Ext Bag,115,KES2860.00,07/01/2015 12:00:00 AM,1038
Cereals,Finger Millet,Bag,90,KES6883.00,07/01/2015 12:00:00 AM,1039
Cereals,Sorghum,Bag,90,KES3856.00,07/01/2015 12:00:00 AM,1040
Cereals,Wheat,Bag,90,KES3915.00,07/01/2015 12:00:00 AM,1041
Legumes,Beans Canadian,Bag,90,KES6595.00,07/01/2015 12:00:00 AM,1042
Legumes,Beans Rosecoco,Bag,90,KES6302.00,07/01/2015 12:00:00 AM,1043
Legumes,Beans Mwitemania,Bag,90,KES5685.00,07/01/2015 12:00:00 AM,1044
Legumes,Mwezi Moja,Bag,90,KES6201.00,07/01/2015 12:00:00 AM,1045
Legumes,Dolichos (Njahi),Bag,90,KES10509.00,07/01/2015 12:00:00 AM,1046
Legumes,Green Gram,Bag,90,KES10252.00,07/01/2015 12:00:00 AM,1047
Legumes,Cowpeas,Bag,90,KES6525.00,07/01/2015 12:00:00 AM,1048
Legumes,Fresh Peas,Bag,51,KES2525.00,07/01/2015 12:00:00 AM,1049
Legumes,Groundnuts,Bag,110,KES13713.00,07/01/2015 12:00:00 AM,1050
Roots & Tubers,Red Irish Potatoes,Bag,110,KES1840.00,07/01/2015 12:00:00 AM,1051
Roots & Tubers,White Irish Potatoes,Bag,110,KES2002.00,07/01/2015 12:00:00 AM,1052
Roots & Tubers,Cassava Fresh,Bag,99,KES1912.00,07/01/2015 12:00:00 AM,1053
Roots & Tubers,Sweet Potatoes,Bag,98,KES2764.00,07/01/2015 12:00:00 AM,1054
Cereals,Dry Maize,Bag,90,KES2910.00,08/25/2015 12:00:00 AM,1055
Cereals,Green Maize,Ext Bag,115,KES2557.00,08/25/2015 12:00:00 AM,1056
Cereals,Finger Millet,Bag,90,KES6714.00,08/25/2015 12:00:00 AM,1057
Cereals,Sorghum,Bag,90,KES3683.00,08/25/2015 12:00:00 AM,1058
Cereals,Wheat,Bag,90,KES3674.00,08/25/2015 12:00:00 AM,1059
Legumes,Beans Canadian,Bag,90,KES6187.00,08/25/2015 12:00:00 AM,1060
Legumes,Beans Rosecoco,Bag,90,KES5850.00,08/25/2015 12:00:00 AM,1061
Legumes,Beans Mwitemania,Bag,90,KES5277.00,08/25/2015 12:00:00 AM,1062
Legumes,Mwezi Moja,Bag,90,KES5579.00,08/25/2015 12:00:00 AM,1063
Legumes,Dolichos (Njahi),Bag,90,KES10733.00,08/25/2015 12:00:00 AM,1064
Legumes,Green Gram,Bag,90,KES9354.00,08/25/2015 12:00:00 AM,1065
Legumes,Cowpeas,Bag,90,KES6291.00,08/25/2015 12:00:00 AM,1066
Legumes,Fresh Peas,Bag,51,KES2078.00,08/25/2015 12:00:00 AM,1067
Legumes,Groundnuts,Bag,110,KES12313.00,08/25/2015 12:00:00 AM,1068
Roots & Tubers,Red Irish Potatoes,Bag,110,KES1823.00,08/25/2015 12:00:00 AM,1069
Roots & Tubers,White Irish Potatoes,Bag,110,KES1915.00,08/25/2015 12:00:00 AM,1070
Roots & Tubers,Cassava Fresh,Bag,99,KES1907.00,08/25/2015 12:00:00 AM,1071
Roots & Tubers,Sweet Potatoes,Bag,98,KES2723.00,08/25/2015 12:00:00 AM,1072
Cereals,Dry Maize,Bag,90,KES2726.00,09/25/2015 12:00:00 AM,1073
Cereals,Green Maize,Ext Bag,115,KES2415.00,09/25/2015 12:00:00 AM,1074
Cereals,Finger Millet,Bag,90,KES6568.00,09/25/2015 12:00:00 AM,1075
Cereals,Sorghum,Bag,90,KES3683.00,09/25/2015 12:00:00 AM,1076
Cereals,Wheat,Bag,90,KES3493.00,09/25/2015 12:00:00 AM,1077
Legumes,Beans Canadian,Bag,90,KES5939.00,09/25/2015 12:00:00 AM,1078
Legumes,Beans Rosecoco,Bag,90,KES5794.00,09/25/2015 12:00:00 AM,1079
Legumes,Beans Mwitemania,Bag,90,KES5171.00,09/25/2015 12:00:00 AM,1080
Legumes,Mwezi Moja,Bag,90,KES5367.00,09/25/2015 12:00:00 AM,1081
Legumes,Dolichos (Njahi),Bag,90,KES10751.00,09/25/2015 12:00:00 AM,1082
Legumes,Green Gram,Bag,90,KES9266.00,09/25/2015 12:00:00 AM,1083
Legumes,Cowpeas,Bag,90,KES6203.00,09/25/2015 12:00:00 AM,1084
Legumes,Fresh Peas,Bag,51,KES2192.00,09/25/2015 12:00:00 AM,1085
Legumes,Groundnuts,Bag,110,KES12575.00,09/25/2015 12:00:00 AM,1086
Roots & Tubers,Red Irish Potatoes,Bag,110,KES2518.00,09/25/2015 12:00:00 AM,1087
Roots & Tubers,White Irish Potatoes,Bag,110,KES2656.00,09/25/2015 12:00:00 AM,1088
Roots & Tubers,Cassava Fresh,Bag,99,KES1991.00,09/25/2015 12:00:00 AM,1089
Roots & Tubers,Sweet Potatoes,Bag,98,KES2801.00,09/25/2015 12:00:00 AM,1090
Cereals,Dry Maize,Bag,90,KES2718.00,10/25/2015 12:00:00 AM,1091
Cereals,Green Maize,Ext Bag,115,KES2490.00,10/25/2015 12:00:00 AM,1092
Cereals,Finger Millet,Bag,90,KES6598.00,10/25/2015 12:00:00 AM,1093
Cereals,Sorghum,Bag,90,KES3784.00,10/25/2015 12:00:00 AM,1094
Cereals,Wheat,Bag,90,KES3519.00,10/25/2015 12:00:00 AM,1095
Legumes,Beans Canadian,Bag,90,KES6125.00,10/25/2015 12:00:00 AM,1096
Legumes,Beans Rosecoco,Bag,90,KES6088.00,10/25/2015 12:00:00 AM,1097
Legumes,Beans Mwitemania,Bag,90,KES5603.00,10/25/2015 12:00:00 AM,1098
Legumes,Mwezi Moja,Bag,90,KES5617.00,10/25/2015 12:00:00 AM,1099
Legumes,Dolichos (Njahi),Bag,90,KES10546.00,10/25/2015 12:00:00 AM,1100
Legumes,Green Gram,Bag,90,KES9582.00,10/25/2015 12:00:00 AM,1101
Legumes,Cowpeas,Bag,90,KES6265.00,10/25/2015 12:00:00 AM,1102
Legumes,Fresh Peas,Bag,51,KES2587.00,10/25/2015 12:00:00 AM,1103
Legumes,Groundnuts,Bag,110,KES12691.00,10/25/2015 12:00:00 AM,1104
Roots & Tubers,Red Irish Potatoes,Bag,110,KES2975.00,10/25/2015 12:00:00 AM,1105
Roots & Tubers,White Irish Potatoes,Bag,110,KES3139.00,10/25/2015 12:00:00 AM,1106
Roots & Tubers,Cassava Fresh,Bag,99,KES1938.00,10/25/2015 12:00:00 AM,1107
Roots & Tubers,Sweet Potatoes,Bag,98,KES2895.00,10/25/2015 12:00:00 AM,1108
Cereals,Dry Maize,Bag,90,KES2669.00,11/25/2015 12:00:00 AM,1109
Cereals,Green Maize,Ext Bag,115,KES2599.00,11/25/2015 12:00:00 AM,1110
Cereals,Finger Millet,Bag,90,KES6687.00,11/25/2015 12:00:00 AM,1111
Cereals,Sorghum,Bag,90,KES3671.00,11/25/2015 12:00:00 AM,1112
Cereals,Wheat,Bag,90,KES3509.00,11/25/2015 12:00:00 AM,1113
Legumes,Beans Canadian,Bag,90,KES6109.00,11/25/2015 12:00:00 AM,1114
Legumes,Beans Rosecoco,Bag,90,KES6200.00,11/25/2015 12:00:00 AM,1115
Legumes,Beans Mwitemania,Bag,90,KES5746.00,11/25/2015 12:00:00 AM,1116
Legumes,Mwezi Moja,Bag,90,KES5811.00,11/25/2015 12:00:00 AM,1117
Legumes,Dolichos (Njahi),Bag,90,KES11256.00,11/25/2015 12:00:00 AM,1118
Legumes,Green Gram,Bag,90,KES10033.00,11/25/2015 12:00:00 AM,1119
Legumes,Cowpeas,Bag,90,KES6230.00,11/25/2015 12:00:00 AM,1120
Legumes,Fresh Peas,Bag,51,KES2967.00,11/25/2015 12:00:00 AM,1121
Legumes,Groundnuts,Bag,110,KES12881.00,11/25/2015 12:00:00 AM,1122
Roots & Tubers,Red Irish Potatoes,Bag,110,KES3566.00,11/25/2015 12:00:00 AM,1123
Roots & Tubers,White Irish Potatoes,Bag,110,KES3770.00,11/25/2015 12:00:00 AM,1124
Roots & Tubers,Cassava Fresh,Bag,99,KES2101.00,11/25/2015 12:00:00 AM,1125
Roots & Tubers,Sweet Potatoes,Bag,98,KES3000.00,11/25/2015 12:00:00 AM,1126
Cereals,Dry Maize,Bag,90,KES2610.00,12/25/2015 12:00:00 AM,1127
Cereals,Green Maize,Ext Bag,115,KES2535.00,12/25/2015 12:00:00 AM,1128
Cereals,Finger Millet,Bag,90,KES6469.00,12/25/2015 12:00:00 AM,1129
Cereals,Sorghum,Bag,90,KES3776.00,12/25/2015 12:00:00 AM,1130
Cereals,Wheat,Bag,90,KES3768.00,12/25/2015 12:00:00 AM,1131
Legumes,Beans Canadian,Bag,90,KES6031.00,12/25/2015 12:00:00 AM,1132
Legumes,Beans Rosecoco,Bag,90,KES6123.00,12/25/2015 12:00:00 AM,1133
Legumes,Beans Mwitemania,Bag,90,KES5727.00,12/25/2015 12:00:00 AM,1134
Legumes,Mwezi Moja,Bag,90,KES5715.00,12/25/2015 12:00:00 AM,1135
Legumes,Dolichos (Njahi),Bag,90,KES12622.00,12/25/2015 12:00:00 AM,1136
Legumes,Green Gram,Bag,90,KES9962.00,12/25/2015 12:00:00 AM,1137
Legumes,Cowpeas,Bag,90,KES6239.00,12/25/2015 12:00:00 AM,1138
Legumes,Fresh Peas,Bag,51,KES3582.00,12/25/2015 12:00:00 AM,1139
Legumes,Groundnuts,Bag,110,KES12986.00,12/25/2015 12:00:00 AM,1140
Roots & Tubers,Red Irish Potatoes,Bag,110,KES2805.00,12/25/2015 12:00:00 AM,1141
Roots & Tubers,White Irish Potatoes,Bag,110,KES2885.00,12/25/2015 12:00:00 AM,1142
Roots & Tubers,Cassava Fresh,Bag,99,KES2097.00,12/25/2015 12:00:00 AM,1143
Roots & Tubers,Sweet Potatoes,Bag,98,KES3067.00,12/25/2015 12:00:00 AM,1144
